SYNTYMÄVUOSI;SYNTKOTIKUNTA;KUNNAN NIMI;SUKUPUOLI;ETUNIMI;KPL
1969;49;Espoo;1;Mika;39
1969;61;Forssa;1;Marko;11
1969;91;Helsinki;1;Mika;256
1969;92;Vantaa;1;Mika;47
1969;106;Hyvinkää;1;Mika;16
1969;109;Hämeenlinna;1;Mika;18
1969;153;Imatra;1;Mika;19
1969;167;Joensuu;1;Mika;33
1969;179;Jyväskylä;1;Mika;43
1969;180;Jyväskylän mlk;1;Mika;13
1969;186;Järvenpää;1;Petri;16
1969;200;Ulkomaat;1;Igor;85
1969;201;Karhula;1;Mika;17
1969;205;Kajaani;1;Timo;16
1969;214;Kankaanpää;1;Mika;16
1969;232;Kauhajoki;1;Mika;16
1969;240;Kemi;1;Marko;18
1969;263;Kiuruvesi;1;Marko;13
1969;272;Kokkola;1;Marko;17
1969;272;Kokkola;1;Mika;17
1969;285;Kotka;1;Marko;19
1969;286;Kouvola;1;Mika;17
1969;290;Kuhmo;1;Jari;15
1969;297;Kuopio;1;Mika;39
1969;301;Kurikka;1;Mika;14
1969;305;Kuusamo;1;Mika;14
1969;306;Kuusankoski;1;Mika;12
1969;398;Lahti;1;Mika;74
1969;405;Lappeenranta;1;Mika;30
1969;427;Lohja;1;Mika;10
1969;428;Lohjan kunta;1;Mika;14
1969;491;Mikkeli;1;Marko;20
1969;536;Nokia;1;Mika;11
1969;543;Nurmijärvi;1;Mika;12
1969;564;Oulu;1;Mika;74
1969;609;Pori;1;Marko;56
1969;684;Rauma;1;Marko;17
1969;694;Riihimäki;1;Marko;12
1969;694;Riihimäki;1;Timo;12
1969;698;Rovaniemi;1;Mika;26
1969;699;Rovaniemen mlk;1;Mika;15
1969;734;Salo;1;Mika;13
1969;740;Savonlinna;1;Mika;20
1969;743;Seinäjoki;1;Jari;14
1969;754;Anjalankoski;1;Mika;12
1969;837;Tampere;1;Mika;94
1969;851;Tornio;1;Mika;11
1969;853;Turku;1;Mika;70
1969;858;Tuusula;1;Marko;15
1969;905;Vaasa;1;Marko;22
1969;908;Valkeakoski;1;Marko;13
1969;915;Varkaus;1;Mika;16
1970;49;Espoo;1;Petri;33
1970;61;Forssa;1;Janne;13
1970;61;Forssa;1;Marko;13
1970;91;Helsinki;1;Mika;229
1970;92;Vantaa;1;Mika;46
1970;106;Hyvinkää;1;Marko;26
1970;109;Hämeenlinna;1;Marko;18
1970;140;Iisalmi;1;Mika;13
1970;153;Imatra;1;Mika;17
1970;165;Janakkala;1;Mika;10
1970;167;Joensuu;1;Marko;29
1970;179;Jyväskylä;1;Mika;39
1970;180;Jyväskylän mlk;1;Mika;10
1970;186;Järvenpää;1;Marko;14
1970;200;Ulkomaat;1;Marko;138
1970;201;Karhula;1;Marko;13
1970;205;Kajaani;1;Mika;11
1970;214;Kankaanpää;1;Marko;16
1970;232;Kauhajoki;1;Marko;11
1970;232;Kauhajoki;1;Mika;11
1970;240;Kemi;1;Mika;15
1970;245;Kerava;1;Marko;14
1970;272;Kokkola;1;Mika;14
1970;285;Kotka;1;Mika;15
1970;286;Kouvola;1;Marko;15
1970;290;Kuhmo;1;Pasi;11
1970;297;Kuopio;1;Mika;45
1970;305;Kuusamo;1;Mika;16
1970;306;Kuusankoski;1;Marko;11
1970;398;Lahti;1;Mika;59
1970;405;Lappeenranta;1;Marko;34
1970;410;Laukaa;1;Mika;12
1970;418;Lempäälä;1;Marko;12
1970;427;Lohja;1;Marko;11
1970;491;Mikkeli;1;Mika;17
1970;532;Nastola;1;Marko;15
1970;536;Nokia;1;Mika;11
1970;564;Oulu;1;Mika;71
1970;593;Pieksämäki;1;Mika;14
1970;598;Pietarsaari;1;Marko;10
1970;609;Pori;1;Mika;46
1970;612;Porvoo;1;Mika;11
1970;680;Raisio;1;Mika;11
1970;684;Rauma;1;Marko;16
1970;694;Riihimäki;1;Mika;13
1970;698;Rovaniemi;1;Pasi;17
1970;698;Rovaniemi;1;Petri;17
1970;699;Rovaniemen mlk;1;Marko;13
1970;734;Salo;1;Marko;11
1970;740;Savonlinna;1;Janne;11
1970;743;Seinäjoki;1;Juha;14
1970;743;Seinäjoki;1;Mika;14
1970;749;Siilinjärvi;1;Marko;10
1970;774;Suolahti;1;Mika;11
1970;837;Tampere;1;Mika;89
1970;853;Turku;1;Marko;67
1970;905;Vaasa;1;Marko;27
1970;908;Valkeakoski;1;Timo;11
1970;915;Varkaus;1;Mika;16
1970;977;Ylivieska;1;Mika;14
1971;5;Alajärvi;1;Juha;10
1971;49;Espoo;1;Mika;34
1971;61;Forssa;1;Mika;11
1971;88;Heinola;1;Mika;11
1971;91;Helsinki;1;Mika;178
1971;92;Vantaa;1;Mika;50
1971;106;Hyvinkää;1;Juha;13
1971;106;Hyvinkää;1;Pasi;13
1971;109;Hämeenlinna;1;Mika;14
1971;140;Iisalmi;1;Jari;11
1971;140;Iisalmi;1;Mika;11
1971;153;Imatra;1;Marko;14
1971;167;Joensuu;1;Marko;23
1971;179;Jyväskylä;1;Mika;30
1971;180;Jyväskylän mlk;1;Petri;12
1971;200;Ulkomaat;1;Marko;157
1971;201;Karhula;1;Mika;12
1971;205;Kajaani;1;Mika;15
1971;214;Kankaanpää;1;Mika;12
1971;232;Kauhajoki;1;Marko;10
1971;240;Kemi;1;Petri;15
1971;245;Kerava;1;Mika;10
1971;272;Kokkola;1;Marko;15
1971;272;Kokkola;1;Mika;15
1971;285;Kotka;1;Marko;17
1971;286;Kouvola;1;Marko;13
1971;286;Kouvola;1;Mika;13
1971;290;Kuhmo;1;Mika;12
1971;297;Kuopio;1;Mika;37
1971;306;Kuusankoski;1;Janne;11
1971;306;Kuusankoski;1;Marko;11
1971;398;Lahti;1;Mika;57
1971;405;Lappeenranta;1;Marko;24
1971;428;Lohjan kunta;1;Mika;10
1971;491;Mikkeli;1;Marko;14
1971;536;Nokia;1;Marko;11
1971;543;Nurmijärvi;1;Marko;10
1971;564;Oulu;1;Mika;51
1971;581;Parkano;1;Marko;10
1971;593;Pieksämäki;1;Mika;11
1971;598;Pietarsaari;1;Mika;10
1971;598;Pietarsaari;1;Peter;10
1971;609;Pori;1;Mika;43
1971;615;Pudasjärvi;1;Marko;11
1971;684;Rauma;1;Mika;15
1971;698;Rovaniemi;1;Marko;19
1971;734;Salo;1;Petri;10
1971;740;Savonlinna;1;Mika;17
1971;743;Seinäjoki;1;Marko;24
1971;778;Suonenjoki;1;Marko;10
1971;837;Tampere;1;Mika;64
1971;853;Turku;1;Mika;63
1971;895;Uusikaupunki;1;Marko;11
1971;905;Vaasa;1;Mika;35
1971;915;Varkaus;1;Janne;11
1971;915;Varkaus;1;Marko;11
1971;915;Varkaus;1;Mika;11
1971;976;Ylitornio;1;Mika;10
1972;49;Espoo;1;Sami;35
1972;91;Helsinki;1;Sami;149
1972;92;Vantaa;1;Marko;43
1972;106;Hyvinkää;1;Sami;16
1972;109;Hämeenlinna;1;Marko;19
1972;140;Iisalmi;1;Marko;13
1972;153;Imatra;1;Pasi;13
1972;165;Janakkala;1;Mika;11
1972;167;Joensuu;1;Marko;23
1972;179;Jyväskylä;1;Marko;26
1972;180;Jyväskylän mlk;1;Marko;14
1972;200;Ulkomaat;1;Marko;133
1972;201;Karhula;1;Marko;12
1972;201;Karhula;1;Mika;12
1972;211;Kangasala;1;Marko;10
1972;240;Kemi;1;Mika;22
1972;272;Kokkola;1;Mika;13
1972;285;Kotka;1;Mika;17
1972;286;Kouvola;1;Petri;14
1972;290;Kuhmo;1;Marko;10
1972;297;Kuopio;1;Marko;30
1972;297;Kuopio;1;Mika;30
1972;305;Kuusamo;1;Marko;14
1972;398;Lahti;1;Mika;42
1972;405;Lappeenranta;1;Pasi;17
1972;491;Mikkeli;1;Janne;12
1972;491;Mikkeli;1;Mika;12
1972;532;Nastola;1;Mika;11
1972;532;Nastola;1;Sami;11
1972;536;Nokia;1;Marko;13
1972;543;Nurmijärvi;1;Tomi;11
1972;564;Oulu;1;Mika;55
1972;593;Pieksämäki;1;Marko;10
1972;609;Pori;1;Marko;38
1972;615;Pudasjärvi;1;Marko;12
1972;684;Rauma;1;Jari;10
1972;684;Rauma;1;Pasi;10
1972;698;Rovaniemi;1;Marko;24
1972;699;Rovaniemen mlk;1;Marko;14
1972;743;Seinäjoki;1;Juha;19
1972;837;Tampere;1;Mika;68
1972;853;Turku;1;Marko;49
1972;905;Vaasa;1;Mika;22
1972;908;Valkeakoski;1;Marko;12
1972;915;Varkaus;1;Pasi;13
1972;915;Varkaus;1;Petri;13
1973;49;Espoo;1;Sami;34
1973;61;Forssa;1;Jani;12
1973;84;Haukipudas;1;Petri;11
1973;91;Helsinki;1;Sami;163
1973;92;Vantaa;1;Sami;46
1973;106;Hyvinkää;1;Sami;16
1973;109;Hämeenlinna;1;Sami;21
1973;140;Iisalmi;1;Marko;15
1973;153;Imatra;1;Mikko;14
1973;167;Joensuu;1;Mika;20
1973;179;Jyväskylä;1;Marko;31
1973;186;Järvenpää;1;Mika;11
1973;200;Ulkomaat;1;Marko;123
1973;201;Karhula;1;Marko;15
1973;205;Kajaani;1;Mika;10
1973;240;Kemi;1;Petri;16
1973;272;Kokkola;1;Mika;21
1973;285;Kotka;1;Mika;14
1973;286;Kouvola;1;Jani;12
1973;297;Kuopio;1;Mika;39
1973;398;Lahti;1;Mika;41
1973;405;Lappeenranta;1;Jani;22
1973;491;Mikkeli;1;Jani;12
1973;491;Mikkeli;1;Mika;12
1973;536;Nokia;1;Sami;14
1973;564;Oulu;1;Marko;47
1973;609;Pori;1;Mika;33
1973;678;Raahe;1;Marko;13
1973;678;Raahe;1;Mika;13
1973;684;Rauma;1;Sami;15
1973;694;Riihimäki;1;Marko;11
1973;694;Riihimäki;1;Sami;11
1973;698;Rovaniemi;1;Sami;16
1973;699;Rovaniemen mlk;1;Mika;12
1973;740;Savonlinna;1;Marko;11
1973;743;Seinäjoki;1;Sami;13
1973;837;Tampere;1;Jani;61
1973;851;Tornio;1;Mika;15
1973;853;Turku;1;Sami;55
1973;858;Tuusula;1;Mika;10
1973;905;Vaasa;1;Mika;21
1973;905;Vaasa;1;Sami;21
1973;908;Valkeakoski;1;Sami;11
1973;915;Varkaus;1;Jani;12
1973;915;Varkaus;1;Mika;12
1974;49;Espoo;1;Jani;43
1974;61;Forssa;1;Jani;18
1974;91;Helsinki;1;Jani;170
1974;92;Vantaa;1;Jani;62
1974;106;Hyvinkää;1;Jani;17
1974;109;Hämeenlinna;1;Sami;18
1974;140;Iisalmi;1;Marko;11
1974;153;Imatra;1;Jani;16
1974;167;Joensuu;1;Mika;28
1974;179;Jyväskylä;1;Sami;34
1974;180;Jyväskylän mlk;1;Jani;19
1974;186;Järvenpää;1;Jani;10
1974;200;Ulkomaat;1;Marko;118
1974;200;Ulkomaat;1;Mika;118
1974;201;Karhula;1;Mikko;10
1974;202;Kaarina;1;Jani;10
1974;205;Kajaani;1;Mika;13
1974;211;Kangasala;1;Mikko;11
1974;232;Kauhajoki;1;Marko;10
1974;240;Kemi;1;Jani;17
1974;245;Kerava;1;Sami;13
1974;272;Kokkola;1;Sami;20
1974;285;Kotka;1;Jani;14
1974;286;Kouvola;1;Sami;16
1974;290;Kuhmo;1;Sami;10
1974;297;Kuopio;1;Jani;33
1974;398;Lahti;1;Jani;46
1974;405;Lappeenranta;1;Marko;26
1974;405;Lappeenranta;1;Mika;26
1974;491;Mikkeli;1;Janne;12
1974;564;Oulu;1;Jani;37
1974;564;Oulu;1;Marko;37
1974;564;Oulu;1;Sami;37
1974;593;Pieksämäki;1;Jani;10
1974;598;Pietarsaari;1;Johan;10
1974;609;Pori;1;Jani;44
1974;613;Porvoon mlk;1;Jani;11
1974;678;Raahe;1;Marko;13
1974;680;Raisio;1;Jani;12
1974;684;Rauma;1;Sami;14
1974;698;Rovaniemi;1;Jani;18
1974;734;Salo;1;Sami;14
1974;740;Savonlinna;1;Jani;12
1974;740;Savonlinna;1;Janne;12
1974;743;Seinäjoki;1;Jani;15
1974;837;Tampere;1;Jani;78
1974;851;Tornio;1;Marko;19
1974;853;Turku;1;Jani;59
1974;858;Tuusula;1;Jani;12
1974;858;Tuusula;1;Sami;12
1974;905;Vaasa;1;Sami;25
1974;915;Varkaus;1;Marko;11
1975;49;Espoo;1;Mikko;50
1975;61;Forssa;1;Jani;11
1975;91;Helsinki;1;Sami;159
1975;92;Vantaa;1;Jani;57
1975;106;Hyvinkää;1;Sami;18
1975;109;Hämeenlinna;1;Jani;20
1975;140;Iisalmi;1;Mika;12
1975;153;Imatra;1;Marko;15
1975;167;Joensuu;1;Jani;22
1975;179;Jyväskylä;1;Mika;34
1975;180;Jyväskylän mlk;1;Jani;15
1975;186;Järvenpää;1;Sami;18
1975;200;Ulkomaat;1;Marko;122
1975;201;Karhula;1;Jani;11
1975;205;Kajaani;1;Marko;13
1975;211;Kangasala;1;Jani;10
1975;232;Kauhajoki;1;Marko;10
1975;240;Kemi;1;Jani;16
1975;245;Kerava;1;Sami;18
1975;272;Kokkola;1;Jani;15
1975;285;Kotka;1;Antti;15
1975;285;Kotka;1;Sami;15
1975;286;Kouvola;1;Jani;17
1975;297;Kuopio;1;Sami;30
1975;305;Kuusamo;1;Marko;13
1975;398;Lahti;1;Jani;44
1975;405;Lappeenranta;1;Jani;21
1975;422;Lieksa;1;Mika;11
1975;427;Lohja;1;Mika;10
1975;478;Maarianhamina;1;Johan;13
1975;491;Mikkeli;1;Mika;19
1975;536;Nokia;1;Sami;10
1975;564;Oulu;1;Mikko;49
1975;593;Pieksämäki;1;Sami;11
1975;609;Pori;1;Mikko;28
1975;609;Pori;1;Sami;28
1975;678;Raahe;1;Marko;14
1975;680;Raisio;1;Jani;10
1975;684;Rauma;1;Mikko;12
1975;694;Riihimäki;1;Sami;13
1975;698;Rovaniemi;1;Jani;16
1975;734;Salo;1;Mika;10
1975;734;Salo;1;Mikko;10
1975;740;Savonlinna;1;Jani;11
1975;743;Seinäjoki;1;Sami;17
1975;749;Siilinjärvi;1;Jani;10
1975;754;Anjalankoski;1;Marko;12
1975;837;Tampere;1;Jani;68
1975;853;Turku;1;Jani;63
1975;858;Tuusula;1;Sami;15
1975;895;Uusikaupunki;1;Jani;16
1975;905;Vaasa;1;Jani;22
1975;905;Vaasa;1;Sami;22
1975;908;Valkeakoski;1;Petri;10
1975;908;Valkeakoski;1;Tero;10
1975;915;Varkaus;1;Mika;14
1976;49;Espoo;1;Mikko;59
1976;61;Forssa;1;Jani;11
1976;88;Heinola;1;Mika;13
1976;91;Helsinki;1;Mikko;163
1976;92;Vantaa;1;Mikko;65
1976;106;Hyvinkää;1;Jani;22
1976;109;Hämeenlinna;1;Jani;24
1976;140;Iisalmi;1;Pasi;11
1976;153;Imatra;1;Sami;18
1976;167;Joensuu;1;Jani;22
1976;167;Joensuu;1;Mikko;22
1976;179;Jyväskylä;1;Mikko;31
1976;180;Jyväskylän mlk;1;Marko;11
1976;186;Järvenpää;1;Jani;12
1976;200;Ulkomaat;1;Marko;118
1976;201;Karhula;1;Mikko;10
1976;205;Kajaani;1;Mikko;14
1976;205;Kajaani;1;Sami;14
1976;211;Kangasala;1;Sami;10
1976;232;Kauhajoki;1;Jani;11
1976;240;Kemi;1;Jani;21
1976;245;Kerava;1;Mikko;14
1976;272;Kokkola;1;Tero;14
1976;285;Kotka;1;Antti;14
1976;286;Kouvola;1;Mikko;18
1976;297;Kuopio;1;Mikko;36
1976;306;Kuusankoski;1;Jani;13
1976;398;Lahti;1;Jani;38
1976;405;Lappeenranta;1;Mikko;27
1976;422;Lieksa;1;Tero;10
1976;491;Mikkeli;1;Mikko;14
1976;532;Nastola;1;Jani;13
1976;536;Nokia;1;Toni;12
1976;543;Nurmijärvi;1;Sami;11
1976;564;Oulu;1;Mikko;57
1976;609;Pori;1;Jani;42
1976;678;Raahe;1;Mikko;11
1976;680;Raisio;1;Mikko;12
1976;684;Rauma;1;Mikko;13
1976;684;Rauma;1;Sami;13
1976;694;Riihimäki;1;Jani;14
1976;698;Rovaniemi;1;Janne;14
1976;740;Savonlinna;1;Mika;11
1976;743;Seinäjoki;1;Juha;17
1976;754;Anjalankoski;1;Jani;11
1976;777;Suomussalmi;1;Jani;11
1976;837;Tampere;1;Mikko;75
1976;851;Tornio;1;Marko;10
1976;853;Turku;1;Mikko;91
1976;858;Tuusula;1;Jani;12
1976;905;Vaasa;1;Sami;22
1976;908;Valkeakoski;1;Jani;10
1976;915;Varkaus;1;Antti;10
1976;915;Varkaus;1;Janne;10
1976;915;Varkaus;1;Sami;10
1976;980;Ylöjärvi;1;Jani;10
1977;49;Espoo;1;Mikko;51
1977;61;Forssa;1;Toni;13
1977;91;Helsinki;1;Mikko;134
1977;92;Vantaa;1;Mikko;60
1977;106;Hyvinkää;1;Jani;19
1977;106;Hyvinkää;1;Mikko;19
1977;109;Hämeenlinna;1;Jani;15
1977;109;Hämeenlinna;1;Mikko;15
1977;140;Iisalmi;1;Jani;11
1977;153;Imatra;1;Mikko;21
1977;167;Joensuu;1;Mikko;20
1977;179;Jyväskylä;1;Mikko;35
1977;180;Jyväskylän mlk;1;Mikko;12
1977;186;Järvenpää;1;Janne;11
1977;186;Järvenpää;1;Mikko;11
1977;200;Ulkomaat;1;Marko;114
1977;205;Kajaani;1;Marko;17
1977;240;Kemi;1;Mika;14
1977;245;Kerava;1;Mikko;17
1977;272;Kokkola;1;Jani;14
1977;272;Kokkola;1;Sami;14
1977;285;Kotka;1;Mikko;28
1977;286;Kouvola;1;Mikko;18
1977;297;Kuopio;1;Jani;27
1977;297;Kuopio;1;Janne;27
1977;306;Kuusankoski;1;Mikko;14
1977;398;Lahti;1;Mikko;42
1977;405;Lappeenranta;1;Mikko;32
1977;428;Lohjan kunta;1;Sami;10
1977;491;Mikkeli;1;Jani;12
1977;536;Nokia;1;Mikko;12
1977;543;Nurmijärvi;1;Mikko;11
1977;564;Oulu;1;Antti;52
1977;609;Pori;1;Mikko;39
1977;678;Raahe;1;Jani;15
1977;684;Rauma;1;Jani;17
1977;694;Riihimäki;1;Mikko;17
1977;698;Rovaniemi;1;Mikko;12
1977;734;Salo;1;Sami;11
1977;740;Savonlinna;1;Jani;13
1977;743;Seinäjoki;1;Juha;13
1977;837;Tampere;1;Mikko;73
1977;851;Tornio;1;Antti;12
1977;853;Turku;1;Mikko;64
1977;858;Tuusula;1;Mikko;11
1977;905;Vaasa;1;Jani;19
1977;908;Valkeakoski;1;Mikko;11
1977;915;Varkaus;1;Mikko;10
1978;49;Espoo;1;Antti;58
1978;91;Helsinki;1;Mikko;150
1978;92;Vantaa;1;Mikko;66
1978;98;Hollola;1;Antti;10
1978;106;Hyvinkää;1;Mikko;24
1978;109;Hämeenlinna;1;Mikko;21
1978;140;Iisalmi;1;Mika;10
1978;153;Imatra;1;Mikko;19
1978;165;Janakkala;1;Mikko;11
1978;167;Joensuu;1;Mikko;21
1978;179;Jyväskylä;1;Mikko;29
1978;186;Järvenpää;1;Mikko;12
1978;200;Ulkomaat;1;Daniel;108
1978;205;Kajaani;1;Mikko;14
1978;240;Kemi;1;Janne;13
1978;245;Kerava;1;Mikko;14
1978;272;Kokkola;1;Jani;13
1978;285;Kotka;1;Mikko;23
1978;286;Kouvola;1;Mikko;15
1978;297;Kuopio;1;Mikko;36
1978;305;Kuusamo;1;Janne;14
1978;398;Lahti;1;Mikko;25
1978;398;Lahti;1;Sami;25
1978;405;Lappeenranta;1;Antti;23
1978;491;Mikkeli;1;Mikko;13
1978;536;Nokia;1;Mikko;11
1978;543;Nurmijärvi;1;Juha;10
1978;564;Oulu;1;Mikko;52
1978;609;Pori;1;Mikko;39
1978;678;Raahe;1;Mikko;15
1978;684;Rauma;1;Sami;15
1978;694;Riihimäki;1;Mikko;11
1978;698;Rovaniemi;1;Antti;15
1978;734;Salo;1;Ville;11
1978;740;Savonlinna;1;Jani;11
1978;740;Savonlinna;1;Marko;11
1978;743;Seinäjoki;1;Juha;15
1978;743;Seinäjoki;1;Mikko;15
1978;837;Tampere;1;Mikko;71
1978;851;Tornio;1;Mikko;14
1978;853;Turku;1;Mikko;77
1978;895;Uusikaupunki;1;Mika;11
1978;905;Vaasa;1;Janne;19
1978;915;Varkaus;1;Jani;10
1978;915;Varkaus;1;Sami;10
1979;49;Espoo;1;Mikko;49
1979;91;Helsinki;1;Mikko;162
1979;92;Vantaa;1;Mikko;65
1979;106;Hyvinkää;1;Mikko;16
1979;109;Hämeenlinna;1;Antti;12
1979;153;Imatra;1;Sami;14
1979;167;Joensuu;1;Antti;15
1979;179;Jyväskylä;1;Mikko;30
1979;180;Jyväskylän mlk;1;Timo;12
1979;186;Järvenpää;1;Juha;11
1979;200;Ulkomaat;1;Daniel;132
1979;205;Kajaani;1;Mikko;21
1979;232;Kauhajoki;1;Juha;10
1979;240;Kemi;1;Mikko;17
1979;245;Kerava;1;Mikko;11
1979;272;Kokkola;1;Jani;14
1979;285;Kotka;1;Antti;19
1979;285;Kotka;1;Jani;19
1979;286;Kouvola;1;Antti;14
1979;290;Kuhmo;1;Mikko;12
1979;297;Kuopio;1;Mikko;34
1979;305;Kuusamo;1;Janne;11
1979;398;Lahti;1;Mikko;42
1979;405;Lappeenranta;1;Mikko;29
1979;491;Mikkeli;1;Antti;14
1979;536;Nokia;1;Mikko;10
1979;543;Nurmijärvi;1;Mikko;13
1979;564;Oulu;1;Antti;47
1979;564;Oulu;1;Mikko;47
1979;609;Pori;1;Mikko;28
1979;678;Raahe;1;Janne;13
1979;684;Rauma;1;Mikko;16
1979;694;Riihimäki;1;Juha;10
1979;698;Rovaniemi;1;Janne;15
1979;699;Rovaniemen mlk;1;Janne;10
1979;734;Salo;1;Mikko;12
1979;740;Savonlinna;1;Mikko;14
1979;743;Seinäjoki;1;Mikko;16
1979;749;Siilinjärvi;1;Mikko;12
1979;837;Tampere;1;Mikko;85
1979;851;Tornio;1;Mikko;12
1979;853;Turku;1;Mikko;68
1979;858;Tuusula;1;Mikko;11
1979;905;Vaasa;1;Juha;19
1979;908;Valkeakoski;1;Mikko;15
1980;49;Espoo;1;Antti;53
1980;91;Helsinki;1;Mikko;132
1980;92;Vantaa;1;Antti;52
1980;106;Hyvinkää;1;Mikko;15
1980;109;Hämeenlinna;1;Janne;12
1980;109;Hämeenlinna;1;Juha;12
1980;109;Hämeenlinna;1;Mikko;12
1980;153;Imatra;1;Mikko;14
1980;167;Joensuu;1;Mikko;20
1980;179;Jyväskylä;1;Mikko;28
1980;200;Ulkomaat;1;Daniel;104
1980;205;Kajaani;1;Mikko;15
1980;211;Kangasala;1;Mikko;10
1980;240;Kemi;1;Antti;15
1980;245;Kerava;1;Mikko;11
1980;272;Kokkola;1;Juha;14
1980;285;Kotka;1;Antti;15
1980;285;Kotka;1;Mikko;15
1980;286;Kouvola;1;Mikko;16
1980;297;Kuopio;1;Mikko;37
1980;306;Kuusankoski;1;Mikko;12
1980;398;Lahti;1;Mikko;39
1980;405;Lappeenranta;1;Antti;22
1980;405;Lappeenranta;1;Mikko;22
1980;536;Nokia;1;Mikko;14
1980;564;Oulu;1;Mikko;61
1980;609;Pori;1;Juha;31
1980;678;Raahe;1;Mikko;13
1980;684;Rauma;1;Mikko;12
1980;698;Rovaniemi;1;Janne;12
1980;698;Rovaniemi;1;Juha;12
1980;740;Savonlinna;1;Mikko;14
1980;743;Seinäjoki;1;Mikko;17
1980;837;Tampere;1;Mikko;73
1980;851;Tornio;1;Mikko;10
1980;853;Turku;1;Mikko;64
1980;905;Vaasa;1;Mikko;30
1980;915;Varkaus;1;Mikko;10
1981;49;Espoo;1;Mikko;56
1981;61;Forssa;1;Mikko;10
1981;91;Helsinki;1;Mikko;153
1981;92;Vantaa;1;Mikko;42
1981;106;Hyvinkää;1;Mikko;12
1981;109;Hämeenlinna;1;Antti;11
1981;109;Hämeenlinna;1;Mika;11
1981;109;Hämeenlinna;1;Ville;11
1981;140;Iisalmi;1;Mikko;12
1981;153;Imatra;1;Petri;12
1981;165;Janakkala;1;Mikko;10
1981;167;Joensuu;1;Mikko;26
1981;179;Jyväskylä;1;Mikko;23
1981;200;Ulkomaat;1;Daniel;126
1981;202;Kaarina;1;Mikko;10
1981;205;Kajaani;1;Antti;18
1981;211;Kangasala;1;Mikko;10
1981;240;Kemi;1;Jukka;13
1981;245;Kerava;1;Mikko;12
1981;285;Kotka;1;Antti;22
1981;286;Kouvola;1;Mikko;11
1981;297;Kuopio;1;Mikko;33
1981;398;Lahti;1;Mikko;32
1981;405;Lappeenranta;1;Mikko;27
1981;491;Mikkeli;1;Mikko;13
1981;536;Nokia;1;Mikko;10
1981;543;Nurmijärvi;1;Mikko;10
1981;564;Oulu;1;Mikko;55
1981;599;Pedersören kunta;1;Andreas;10
1981;609;Pori;1;Juha;21
1981;678;Raahe;1;Mikko;10
1981;678;Raahe;1;Teemu;10
1981;684;Rauma;1;Mikko;11
1981;694;Riihimäki;1;Mikko;11
1981;698;Rovaniemi;1;Antti;19
1981;743;Seinäjoki;1;Jussi;14
1981;743;Seinäjoki;1;Mikko;14
1981;749;Siilinjärvi;1;Antti;11
1981;837;Tampere;1;Mikko;76
1981;851;Tornio;1;Antti;10
1981;851;Tornio;1;Janne;10
1981;853;Turku;1;Mikko;47
1981;858;Tuusula;1;Antti;11
1981;905;Vaasa;1;Juha;12
1981;905;Vaasa;1;Mikko;12
1981;905;Vaasa;1;Petri;12
1981;915;Varkaus;1;Antti;18
1982;49;Espoo;1;Antti;57
1982;61;Forssa;1;Mikko;14
1982;91;Helsinki;1;Antti;123
1982;92;Vantaa;1;Antti;50
1982;98;Hollola;1;Antti;11
1982;106;Hyvinkää;1;Antti;15
1982;109;Hämeenlinna;1;Mikko;13
1982;140;Iisalmi;1;Antti;13
1982;153;Imatra;1;Antti;12
1982;167;Joensuu;1;Mikko;26
1982;179;Jyväskylä;1;Mikko;27
1982;186;Järvenpää;1;Mikko;10
1982;200;Ulkomaat;1;Daniel;125
1982;205;Kajaani;1;Mikko;20
1982;211;Kangasala;1;Mikko;10
1982;232;Kauhajoki;1;Juha;10
1982;240;Kemi;1;Mikko;15
1982;245;Kerava;1;Antti;11
1982;272;Kokkola;1;Mikko;10
1982;272;Kokkola;1;Toni;10
1982;285;Kotka;1;Antti;19
1982;286;Kouvola;1;Antti;16
1982;297;Kuopio;1;Mikko;30
1982;306;Kuusankoski;1;Mikko;12
1982;398;Lahti;1;Antti;25
1982;405;Lappeenranta;1;Antti;19
1982;491;Mikkeli;1;Mikko;10
1982;491;Mikkeli;1;Ville;10
1982;536;Nokia;1;Mikko;14
1982;543;Nurmijärvi;1;Antti;10
1982;564;Oulu;1;Antti;47
1982;609;Pori;1;Mikko;31
1982;678;Raahe;1;Antti;17
1982;684;Rauma;1;Mikko;12
1982;694;Riihimäki;1;Antti;11
1982;694;Riihimäki;1;Mikko;11
1982;698;Rovaniemi;1;Antti;16
1982;698;Rovaniemi;1;Mikko;16
1982;699;Rovaniemen mlk;1;Mikko;10
1982;743;Seinäjoki;1;Juha;13
1982;743;Seinäjoki;1;Mikko;13
1982;749;Siilinjärvi;1;Mikko;10
1982;837;Tampere;1;Mikko;66
1982;851;Tornio;1;Antti;11
1982;851;Tornio;1;Juha;11
1982;853;Turku;1;Mikko;51
1982;905;Vaasa;1;Mikko;16
1982;908;Valkeakoski;1;Jussi;10
1982;915;Varkaus;1;Mikko;15
1983;49;Espoo;1;Antti;44
1983;61;Forssa;1;Mikko;14
1983;91;Helsinki;1;Antti;114
1983;92;Vantaa;1;Antti;53
1983;106;Hyvinkää;1;Mikko;17
1983;109;Hämeenlinna;1;Mikko;18
1983;140;Iisalmi;1;Mikko;12
1983;153;Imatra;1;Antti;13
1983;167;Joensuu;1;Antti;17
1983;179;Jyväskylä;1;Antti;21
1983;179;Jyväskylä;1;Mikko;21
1983;179;Jyväskylä;1;Ville;21
1983;200;Ulkomaat;1;Daniel;109
1983;205;Kajaani;1;Mikko;17
1983;214;Kankaanpää;1;Mikko;10
1983;240;Kemi;1;Janne;10
1983;240;Kemi;1;Mikko;10
1983;285;Kotka;1;Ville;21
1983;286;Kouvola;1;Mikko;10
1983;297;Kuopio;1;Antti;28
1983;398;Lahti;1;Antti;37
1983;405;Lappeenranta;1;Antti;20
1983;491;Mikkeli;1;Antti;12
1983;543;Nurmijärvi;1;Antti;11
1983;564;Oulu;1;Mikko;36
1983;609;Pori;1;Mika;19
1983;678;Raahe;1;Janne;10
1983;684;Rauma;1;Tommi;12
1983;694;Riihimäki;1;Mikko;10
1983;698;Rovaniemi;1;Mikko;16
1983;743;Seinäjoki;1;Antti;12
1983;837;Tampere;1;Mikko;55
1983;851;Tornio;1;Juha;10
1983;853;Turku;1;Mikko;37
1983;858;Tuusula;1;Juha;10
1983;905;Vaasa;1;Mikko;15
1983;912;Vammala;1;Mikko;12
1983;915;Varkaus;1;Antti;11
1983;927;Vihti;1;Juha;11
1984;49;Espoo;1;Mikko;51
1984;84;Haukipudas;1;Juha;10
1984;91;Helsinki;1;Antti;86
1984;91;Helsinki;1;Mikko;86
1984;92;Vantaa;1;Mikko;50
1984;106;Hyvinkää;1;Ville;15
1984;109;Hämeenlinna;1;Mikko;16
1984;153;Imatra;1;Mikko;11
1984;167;Joensuu;1;Mikko;13
1984;179;Jyväskylä;1;Antti;23
1984;186;Järvenpää;1;Mikko;10
1984;200;Ulkomaat;1;Martin;128
1984;205;Kajaani;1;Antti;17
1984;245;Kerava;1;Mikko;11
1984;272;Kokkola;1;Petri;10
1984;285;Kotka;1;Antti;16
1984;286;Kouvola;1;Antti;13
1984;286;Kouvola;1;Mikko;13
1984;297;Kuopio;1;Antti;26
1984;301;Kurikka;1;Mikko;10
1984;306;Kuusankoski;1;Mikko;10
1984;398;Lahti;1;Mikko;28
1984;405;Lappeenranta;1;Mikko;10
1984;491;Mikkeli;1;Ville;12
1984;564;Oulu;1;Antti;50
1984;609;Pori;1;Janne;21
1984;678;Raahe;1;Mikko;10
1984;694;Riihimäki;1;Ville;11
1984;698;Rovaniemi;1;Janne;15
1984;698;Rovaniemi;1;Ville;15
1984;740;Savonlinna;1;Janne;10
1984;743;Seinäjoki;1;Juha;10
1984;743;Seinäjoki;1;Mikko;10
1984;837;Tampere;1;Antti;45
1984;853;Turku;1;Mikko;36
1984;858;Tuusula;1;Antti;12
1984;905;Vaasa;1;Mikko;20
1985;49;Espoo;1;Antti;32
1985;49;Espoo;1;Ville;32
1985;91;Helsinki;1;Antti;95
1985;92;Vantaa;1;Mikko;41
1985;106;Hyvinkää;1;Ville;11
1985;109;Hämeenlinna;1;Mikko;15
1985;140;Iisalmi;1;Jani;11
1985;153;Imatra;1;Antti;12
1985;167;Joensuu;1;Antti;22
1985;179;Jyväskylä;1;Mikko;26
1985;180;Jyväskylän mlk;1;Antti;13
1985;200;Ulkomaat;1;Martin;120
1985;205;Kajaani;1;Mikko;11
1985;272;Kokkola;1;Antti;11
1985;285;Kotka;1;Antti;16
1985;297;Kuopio;1;Antti;29
1985;398;Lahti;1;Ville;24
1985;405;Lappeenranta;1;Mikko;15
1985;491;Mikkeli;1;Ville;12
1985;564;Oulu;1;Antti;31
1985;609;Pori;1;Mikko;21
1985;684;Rauma;1;Ville;10
1985;694;Riihimäki;1;Mikko;11
1985;698;Rovaniemi;1;Antti;14
1985;698;Rovaniemi;1;Janne;14
1985;740;Savonlinna;1;Antti;10
1985;837;Tampere;1;Ville;40
1985;853;Turku;1;Ville;30
1985;905;Vaasa;1;Ville;13
1985;915;Varkaus;1;Mikko;12
1986;49;Espoo;1;Antti;35
1986;91;Helsinki;1;Antti;87
1986;92;Vantaa;1;Mikko;47
1986;109;Hämeenlinna;1;Ville;12
1986;167;Joensuu;1;Janne;12
1986;167;Joensuu;1;Juha;12
1986;167;Joensuu;1;Ville;12
1986;179;Jyväskylä;1;Antti;18
1986;179;Jyväskylä;1;Juho;18
1986;200;Ulkomaat;1;Martin;121
1986;205;Kajaani;1;Mikko;13
1986;240;Kemi;1;Joni;10
1986;285;Kotka;1;Jani;10
1986;286;Kouvola;1;Ville;11
1986;290;Kuhmo;1;Mikko;10
1986;297;Kuopio;1;Ville;21
1986;398;Lahti;1;Antti;23
1986;405;Lappeenranta;1;Antti;21
1986;491;Mikkeli;1;Antti;14
1986;564;Oulu;1;Antti;38
1986;609;Pori;1;Janne;17
1986;678;Raahe;1;Ville;10
1986;698;Rovaniemi;1;Ville;13
1986;743;Seinäjoki;1;Antti;12
1986;837;Tampere;1;Mikko;44
1986;853;Turku;1;Ville;33
1986;905;Vaasa;1;Toni;17
1987;49;Espoo;1;Antti;31
1987;49;Espoo;1;Lauri;31
1987;91;Helsinki;1;Ville;100
1987;92;Vantaa;1;Ville;39
1987;109;Hämeenlinna;1;Niko;10
1987;153;Imatra;1;Antti;10
1987;167;Joensuu;1;Antti;14
1987;179;Jyväskylä;1;Antti;20
1987;200;Ulkomaat;1;Martin;120
1987;202;Kaarina;1;Ville;10
1987;205;Kajaani;1;Antti;12
1987;285;Kotka;1;Joni;12
1987;297;Kuopio;1;Antti;22
1987;297;Kuopio;1;Ville;22
1987;398;Lahti;1;Ville;21
1987;405;Lappeenranta;1;Mikko;15
1987;491;Mikkeli;1;Joni;12
1987;564;Oulu;1;Mikko;32
1987;609;Pori;1;Ville;18
1987;678;Raahe;1;Antti;10
1987;698;Rovaniemi;1;Janne;11
1987;698;Rovaniemi;1;Ville;11
1987;740;Savonlinna;1;Juho;12
1987;837;Tampere;1;Ville;52
1987;851;Tornio;1;Ville;10
1987;853;Turku;1;Ville;39
1987;905;Vaasa;1;Jani;13
1987;927;Vihti;1;Antti;10
1988;49;Espoo;1;Antti;41
1988;91;Helsinki;1;Antti;80
1988;91;Helsinki;1;Sami;80
1988;92;Vantaa;1;Sami;45
1988;98;Hollola;1;Antti;10
1988;106;Hyvinkää;1;Antti;13
1988;106;Hyvinkää;1;Toni;13
1988;109;Hämeenlinna;1;Niko;11
1988;167;Joensuu;1;Niko;15
1988;179;Jyväskylä;1;Ville;20
1988;200;Ulkomaat;1;Daniel;135
1988;285;Kotka;1;Antti;13
1988;286;Kouvola;1;Ville;16
1988;297;Kuopio;1;Niko;20
1988;297;Kuopio;1;Teemu;20
1988;398;Lahti;1;Antti;18
1988;398;Lahti;1;Janne;18
1988;398;Lahti;1;Joni;18
1988;398;Lahti;1;Joonas;18
1988;405;Lappeenranta;1;Ville;19
1988;564;Oulu;1;Mikko;27
1988;564;Oulu;1;Ville;27
1988;609;Pori;1;Ville;22
1988;698;Rovaniemi;1;Janne;11
1988;698;Rovaniemi;1;Juho;11
1988;699;Rovaniemen mlk;1;Janne;10
1988;734;Salo;1;Ville;11
1988;740;Savonlinna;1;Joonas;11
1988;837;Tampere;1;Ville;37
1988;853;Turku;1;Lauri;29
1988;905;Vaasa;1;Ville;17
1988;915;Varkaus;1;Joonas;10
1989;49;Espoo;1;Mikko;35
1989;91;Helsinki;1;Ville;90
1989;92;Vantaa;1;Mikko;40
1989;106;Hyvinkää;1;Ville;12
1989;167;Joensuu;1;Antti;12
1989;167;Joensuu;1;Henri;12
1989;167;Joensuu;1;Joonas;12
1989;167;Joensuu;1;Niko;12
1989;179;Jyväskylä;1;Mikko;15
1989;200;Ulkomaat;1;Martin;135
1989;205;Kajaani;1;Antti;17
1989;240;Kemi;1;Ville;11
1989;272;Kokkola;1;Ville;11
1989;285;Kotka;1;Joni;14
1989;286;Kouvola;1;Ville;10
1989;297;Kuopio;1;Teemu;23
1989;398;Lahti;1;Ville;27
1989;405;Lappeenranta;1;Mikko;14
1989;543;Nurmijärvi;1;Sami;10
1989;543;Nurmijärvi;1;Ville;10
1989;564;Oulu;1;Ville;45
1989;609;Pori;1;Ville;24
1989;684;Rauma;1;Ville;11
1989;698;Rovaniemi;1;Mikko;13
1989;743;Seinäjoki;1;Ville;11
1989;837;Tampere;1;Mikko;41
1989;853;Turku;1;Ville;40
1989;858;Tuusula;1;Ville;11
1989;905;Vaasa;1;Joni;14
1990;49;Espoo;1;Ville;34
1990;91;Helsinki;1;Ville;98
1990;92;Vantaa;1;Toni;43
1990;106;Hyvinkää;1;Sami;17
1990;109;Hämeenlinna;1;Joonas;11
1990;109;Hämeenlinna;1;Ville;11
1990;153;Imatra;1;Mikko;12
1990;167;Joensuu;1;Joonas;12
1990;179;Jyväskylä;1;Ville;18
1990;180;Jyväskylän mlk;1;Teemu;11
1990;186;Järvenpää;1;Antti;10
1990;186;Järvenpää;1;Niko;10
1990;200;Ulkomaat;1;Martin;119
1990;205;Kajaani;1;Ville;16
1990;245;Kerava;1;Sami;10
1990;257;Kirkkonummi;1;Sami;11
1990;272;Kokkola;1;Joonas;11
1990;297;Kuopio;1;Henri;26
1990;398;Lahti;1;Toni;19
1990;405;Lappeenranta;1;Antti;18
1990;491;Mikkeli;1;Antti;12
1990;536;Nokia;1;Ville;12
1990;543;Nurmijärvi;1;Toni;14
1990;564;Oulu;1;Antti;34
1990;609;Pori;1;Sami;16
1990;680;Raisio;1;Joni;11
1990;698;Rovaniemi;1;Mikko;12
1990;743;Seinäjoki;1;Jussi;10
1990;837;Tampere;1;Mikko;38
1990;853;Turku;1;Ville;42
1990;905;Vaasa;1;Sami;13
1991;49;Espoo;1;Joonas;35
1991;49;Espoo;1;Ville;35
1991;91;Helsinki;1;Ville;103
1991;92;Vantaa;1;Teemu;50
1991;106;Hyvinkää;1;Ville;11
1991;109;Hämeenlinna;1;Teemu;10
1991;109;Hämeenlinna;1;Ville;10
1991;140;Iisalmi;1;Antti;10
1991;167;Joensuu;1;Antti;14
1991;167;Joensuu;1;Ville;14
1991;179;Jyväskylä;1;Ville;19
1991;186;Järvenpää;1;Niko;11
1991;200;Ulkomaat;1;Daniel;106
1991;205;Kajaani;1;Ville;13
1991;240;Kemi;1;Tuomas;10
1991;272;Kokkola;1;Joni;11
1991;285;Kotka;1;Niko;13
1991;297;Kuopio;1;Ville;25
1991;398;Lahti;1;Toni;22
1991;405;Lappeenranta;1;Joni;14
1991;564;Oulu;1;Ville;28
1991;609;Pori;1;Ville;20
1991;837;Tampere;1;Teemu;40
1991;837;Tampere;1;Ville;40
1991;851;Tornio;1;Antti;11
1991;853;Turku;1;Ville;34
1991;858;Tuusula;1;Teemu;11
1991;905;Vaasa;1;Ville;14
1992;49;Espoo;1;Ville;38
1992;91;Helsinki;1;Ville;90
1992;92;Vantaa;1;Ville;40
1992;106;Hyvinkää;1;Mikko;11
1992;109;Hämeenlinna;1;Ville;11
1992;167;Joensuu;1;Antti;14
1992;167;Joensuu;1;Niko;14
1992;179;Jyväskylä;1;Ville;15
1992;180;Jyväskylän mlk;1;Joonas;10
1992;186;Järvenpää;1;Ville;10
1992;200;Ulkomaat;1;Daniel;94
1992;205;Kajaani;1;Antti;15
1992;285;Kotka;1;Ville;14
1992;286;Kouvola;1;Ville;10
1992;297;Kuopio;1;Niko;24
1992;398;Lahti;1;Jani;17
1992;398;Lahti;1;Niko;17
1992;398;Lahti;1;Ville;17
1992;405;Lappeenranta;1;Teemu;15
1992;564;Oulu;1;Ville;30
1992;609;Pori;1;Niko;19
1992;609;Pori;1;Ville;19
1992;698;Rovaniemi;1;Mikko;13
1992;699;Rovaniemen mlk;1;Teemu;10
1992;749;Siilinjärvi;1;Mikko;11
1992;837;Tampere;1;Ville;42
1992;853;Turku;1;Ville;28
1992;905;Vaasa;1;Sami;16
1992;915;Varkaus;1;Teemu;10
1992;927;Vihti;1;Ville;11
1993;49;Espoo;1;Ville;37
1993;91;Helsinki;1;Ville;90
1993;92;Vantaa;1;Ville;36
1993;106;Hyvinkää;1;Joni;10
1993;109;Hämeenlinna;1;Ville;12
1993;167;Joensuu;1;Henri;14
1993;167;Joensuu;1;Joonas;14
1993;179;Jyväskylä;1;Ville;19
1993;186;Järvenpää;1;Teemu;11
1993;200;Ulkomaat;1;Daniel;85
1993;205;Kajaani;1;Ville;14
1993;285;Kotka;1;Teemu;12
1993;286;Kouvola;1;Teemu;10
1993;297;Kuopio;1;Juho;21
1993;398;Lahti;1;Teemu;24
1993;405;Lappeenranta;1;Henri;12
1993;491;Mikkeli;1;Ville;10
1993;543;Nurmijärvi;1;Teemu;10
1993;564;Oulu;1;Henri;25
1993;609;Pori;1;Ville;20
1993;698;Rovaniemi;1;Ville;13
1993;699;Rovaniemen mlk;1;Ville;10
1993;743;Seinäjoki;1;Ville;14
1993;837;Tampere;1;Mikko;36
1993;853;Turku;1;Ville;33
1993;905;Vaasa;1;Ville;12
1994;49;Espoo;1;Ville;45
1994;91;Helsinki;1;Ville;75
1994;92;Vantaa;1;Ville;36
1994;106;Hyvinkää;1;Ville;11
1994;109;Hämeenlinna;1;Mikko;13
1994;153;Imatra;1;Jere;12
1994;167;Joensuu;1;Ville;11
1994;179;Jyväskylä;1;Aleksi;15
1994;179;Jyväskylä;1;Joonas;15
1994;179;Jyväskylä;1;Ville;15
1994;186;Järvenpää;1;Sami;12
1994;186;Järvenpää;1;Ville;12
1994;200;Ulkomaat;1;Daniel;85
1994;205;Kajaani;1;Ville;12
1994;285;Kotka;1;Ville;13
1994;297;Kuopio;1;Ville;18
1994;398;Lahti;1;Aleksi;20
1994;398;Lahti;1;Niko;20
1994;405;Lappeenranta;1;Jani;12
1994;405;Lappeenranta;1;Teemu;12
1994;491;Mikkeli;1;Ville;10
1994;543;Nurmijärvi;1;Mikko;12
1994;564;Oulu;1;Ville;34
1994;609;Pori;1;Aleksi;12
1994;609;Pori;1;Niko;12
1994;609;Pori;1;Teemu;12
1994;698;Rovaniemi;1;Ville;13
1994;837;Tampere;1;Ville;36
1994;853;Turku;1;Aleksi;32
1994;905;Vaasa;1;Aleksi;11
1994;915;Varkaus;1;Niko;11
1995;49;Espoo;1;Jesse;36
1995;91;Helsinki;1;Ville;86
1995;92;Vantaa;1;Ville;35
1995;106;Hyvinkää;1;Jesse;13
1995;106;Hyvinkää;1;Teemu;13
1995;109;Hämeenlinna;1;Ville;11
1995;167;Joensuu;1;Aleksi;11
1995;179;Jyväskylä;1;Ville;18
1995;200;Ulkomaat;1;Daniel;88
1995;272;Kokkola;1;Miika;10
1995;285;Kotka;1;Jesse;12
1995;297;Kuopio;1;Ville;23
1995;398;Lahti;1;Jesse;17
1995;405;Lappeenranta;1;Juho;11
1995;564;Oulu;1;Niko;23
1995;609;Pori;1;Aleksi;18
1995;680;Raisio;1;Aleksi;10
1995;837;Tampere;1;Ville;28
1995;853;Turku;1;Niko;24
1995;853;Turku;1;Ville;24
1995;905;Vaasa;1;Aleksi;11
1996;49;Espoo;1;Teemu;32
1996;91;Helsinki;1;Ville;64
1996;92;Vantaa;1;Jesse;36
1996;167;Joensuu;1;Jere;11
1996;179;Jyväskylä;1;Aleksi;13
1996;200;Ulkomaat;1;Daniel;58
1996;297;Kuopio;1;Eetu;15
1996;297;Kuopio;1;Ville;15
1996;398;Lahti;1;Joonas;16
1996;405;Lappeenranta;1;Joonas;12
1996;564;Oulu;1;Juho;30
1996;609;Pori;1;Aleksi;18
1996;684;Rauma;1;Ville;10
1996;837;Tampere;1;Aleksi;35
1996;851;Tornio;1;Juho;11
1996;853;Turku;1;Aleksi;24
1996;905;Vaasa;1;Aleksi;11
1996;905;Vaasa;1;Joni;11
1996;927;Vihti;1;Niko;11
1997;49;Espoo;1;Aleksi;25
1997;49;Espoo;1;Antti;25
1997;91;Helsinki;1;Joonas;45
1997;91;Helsinki;1;Ville;45
1997;92;Vantaa;1;Jere;25
1997;92;Vantaa;1;Joonas;25
1997;92;Vantaa;1;Niko;25
1997;106;Hyvinkää;1;Joonas;10
1997;167;Joensuu;1;Joonas;11
1997;179;Jyväskylä;1;Niko;13
1997;200;Ulkomaat;1;Daniel;57
1997;297;Kuopio;1;Joonas;15
1997;297;Kuopio;1;Ville;15
1997;398;Lahti;1;Niko;16
1997;444;Lohja;1;Jesse;10
1997;564;Oulu;1;Aleksi;32
1997;609;Pori;1;Aleksi;13
1997;609;Pori;1;Santeri;13
1997;740;Savonlinna;1;Niko;10
1997;837;Tampere;1;Aleksi;33
1997;853;Turku;1;Joonas;27
1998;49;Espoo;1;Ville;29
1998;91;Helsinki;1;Aleksi;45
1998;92;Vantaa;1;Jere;33
1998;106;Hyvinkää;1;Niko;10
1998;109;Hämeenlinna;1;Juho;10
1998;167;Joensuu;1;Aleksi;13
1998;179;Jyväskylä;1;Eetu;11
1998;200;Ulkomaat;1;Daniel;52
1998;272;Kokkola;1;Aleksi;11
1998;297;Kuopio;1;Teemu;18
1998;398;Lahti;1;Jesse;19
1998;405;Lappeenranta;1;Antti;10
1998;564;Oulu;1;Juho;31
1998;609;Pori;1;Juho;12
1998;837;Tampere;1;Aleksi;36
1998;853;Turku;1;Aleksi;23
1999;49;Espoo;1;Aleksi;29
1999;91;Helsinki;1;Aleksi;57
1999;92;Vantaa;1;Aleksi;25
1999;92;Vantaa;1;Eetu;25
1999;109;Hämeenlinna;1;Aleksi;10
1999;167;Joensuu;1;Roope;11
1999;179;Jyväskylä;1;Juho;11
1999;200;Ulkomaat;1;Ali;81
1999;202;Kaarina;1;Aleksi;10
1999;297;Kuopio;1;Jere;14
1999;398;Lahti;1;Eetu;15
1999;405;Lappeenranta;1;Aleksi;10
1999;405;Lappeenranta;1;Ville;10
1999;444;Lohja;1;Aleksi;10
1999;564;Oulu;1;Aleksi;31
1999;609;Pori;1;Aleksi;18
1999;698;Rovaniemi;1;Juho;12
1999;837;Tampere;1;Aleksi;35
1999;853;Turku;1;Elias;22
2000;49;Espoo;1;Aleksi;23
2000;49;Espoo;1;Teemu;23
2000;49;Espoo;1;Tuomas;23
2000;91;Helsinki;1;Lauri;48
2000;92;Vantaa;1;Ville;32
2000;106;Hyvinkää;1;Jere;12
2000;167;Joensuu;1;Aleksi;11
2000;179;Jyväskylä;1;Leevi;12
2000;200;Ulkomaat;1;Ali;48
2000;240;Kemi;1;Aleksi;10
2000;272;Kokkola;1;Jere;12
2000;297;Kuopio;1;Ville;14
2000;398;Lahti;1;Jesse;13
2000;405;Lappeenranta;1;Eetu;10
2000;564;Oulu;1;Ville;27
2000;609;Pori;1;Eetu;13
2000;837;Tampere;1;Lauri;22
2000;853;Turku;1;Aleksi;29
2001;49;Espoo;1;Mikael;27
2001;91;Helsinki;1;Lauri;55
2001;92;Vantaa;1;Aleksi;21
2001;179;Jyväskylä;1;Aleksi;12
2001;179;Jyväskylä;1;Eetu;12
2001;200;Ulkomaat;1;Alexander;37
2001;205;Kajaani;1;Eetu;10
2001;285;Kotka;1;Joona;10
2001;297;Kuopio;1;Juho;16
2001;398;Lahti;1;Eetu;10
2001;398;Lahti;1;Lauri;10
2001;398;Lahti;1;Ville;10
2001;405;Lappeenranta;1;Eetu;11
2001;491;Mikkeli;1;Eetu;13
2001;564;Oulu;1;Juho;20
2001;609;Pori;1;Matias;12
2001;837;Tampere;1;Aleksi;24
2001;853;Turku;1;Aleksi;23
2002;49;Espoo;1;Elias;29
2002;91;Helsinki;1;Daniel;44
2002;91;Helsinki;1;Lauri;44
2002;92;Vantaa;1;Elias;24
2002;92;Vantaa;1;Veeti;24
2002;167;Joensuu;1;Eetu;11
2002;200;Ulkomaat;1;Daniel;30
2002;297;Kuopio;1;Juho;15
2002;398;Lahti;1;Niko;15
2002;405;Lappeenranta;1;Eetu;11
2002;564;Oulu;1;Tuomas;21
2002;609;Pori;1;Joona;12
2002;837;Tampere;1;Elias;23
2002;853;Turku;1;Rasmus;21
2002;905;Vaasa;1;Valtteri;10
2003;49;Espoo;1;Lauri;29
2003;91;Helsinki;1;Lauri;56
2003;92;Vantaa;1;Niko;28
2003;167;Joensuu;1;Miro;10
2003;179;Jyväskylä;1;Elias;12
2003;179;Jyväskylä;1;Leevi;12
2003;200;Ulkomaat;1;Daniel;34
2003;297;Kuopio;1;Juho;17
2003;398;Lahti;1;Niko;14
2003;491;Mikkeli;1;Veeti;11
2003;564;Oulu;1;Niko;27
2003;609;Pori;1;Aleksi;12
2003;698;Rovaniemi;1;Leevi;10
2003;837;Tampere;1;Lauri;22
2003;853;Turku;1;Elias;17
2003;905;Vaasa;1;Rasmus;14
2004;49;Espoo;1;Lauri;30
2004;91;Helsinki;1;Elias;54
2004;92;Vantaa;1;Aleksi;29
2004;109;Hämeenlinna;1;Eetu;11
2004;179;Jyväskylä;1;Onni;15
2004;200;Ulkomaat;1;Daniel;28
2004;200;Ulkomaat;1;Samuel;28
2004;297;Kuopio;1;Arttu;13
2004;398;Lahti;1;Joona;18
2004;564;Oulu;1;Aleksi;22
2004;609;Pori;1;Lauri;12
2004;837;Tampere;1;Matias;22
2004;853;Turku;1;Eetu;19
2005;49;Espoo;1;Daniel;26
2005;91;Helsinki;1;Elias;51
2005;92;Vantaa;1;Joona;31
2005;179;Jyväskylä;1;Aaro;11
2005;179;Jyväskylä;1;Aleksi;11
2005;179;Jyväskylä;1;Eetu;11
2005;200;Ulkomaat;1;Daniel;37
2005;297;Kuopio;1;Eetu;13
2005;398;Lahti;1;Jimi;15
2005;444;Lohja;1;Veeti;10
2005;564;Oulu;1;Joona;26
2005;609;Pori;1;Matias;12
2005;743;Seinäjoki;1;Aleksi;11
2005;837;Tampere;1;Elias;20
2005;853;Turku;1;Lauri;20
2005;905;Vaasa;1;Rasmus;10
2006;49;Espoo;1;Aleksi;30
2006;91;Helsinki;1;Leo;47
2006;92;Vantaa;1;Elias;26
2006;92;Vantaa;1;Joona;26
2006;179;Jyväskylä;1;Onni;14
2006;200;Ulkomaat;1;Daniel;27
2006;257;Kirkkonummi;1;Aleksi;11
2006;297;Kuopio;1;Leevi;18
2006;398;Lahti;1;Joona;12
2006;405;Lappeenranta;1;Eetu;11
2006;564;Oulu;1;Aleksi;19
2006;609;Pori;1;Onni;10
2006;609;Pori;1;Ville;10
2006;698;Rovaniemi;1;Eetu;10
2006;837;Tampere;1;Niklas;24
2006;853;Turku;1;Daniel;17
2007;49;Espoo;1;Leo;35
2007;91;Helsinki;1;Leo;50
2007;92;Vantaa;1;Leevi;25
2007;167;Joensuu;1;Eetu;14
2007;179;Jyväskylä;1;Veeti;18
2007;200;Ulkomaat;1;Elias;33
2007;297;Kuopio;1;Veeti;16
2007;398;Lahti;1;Veeti;12
2007;564;Oulu;1;Eetu;19
2007;564;Oulu;1;Lauri;19
2007;609;Pori;1;Arttu;10
2007;698;Rovaniemi;1;Eetu;11
2007;837;Tampere;1;Veeti;21
2007;853;Turku;1;Elias;20
2008;49;Espoo;1;Daniel;32
2008;91;Helsinki;1;Leo;56
2008;92;Vantaa;1;Eetu;26
2008;106;Hyvinkää;1;Veeti;10
2008;167;Joensuu;1;Eetu;12
2008;179;Jyväskylä;1;Leevi;10
2008;179;Jyväskylä;1;Veeti;10
2008;200;Ulkomaat;1;Daniel;27
2008;297;Kuopio;1;Onni;13
2008;398;Lahti;1;Jimi;11
2008;564;Oulu;1;Lauri;19
2008;609;Pori;1;Onni;13
2008;698;Rovaniemi;1;Onni;13
2008;837;Tampere;1;Eetu;22
2008;853;Turku;1;Onni;21
2008;980;Ylöjärvi;1;Aleksi;11
2009;49;Espoo;1;Daniel;30
2009;49;Espoo;1;Elias;30
2009;91;Helsinki;1;Leo;57
2009;92;Vantaa;1;Leo;27
2009;179;Jyväskylä;1;Eetu;18
2009;200;Ulkomaat;1;Alexander;32
2009;200;Ulkomaat;1;Oliver;32
2009;205;Kajaani;1;Leevi;11
2009;297;Kuopio;1;Eemil;11
2009;297;Kuopio;1;Lenni;11
2009;398;Lahti;1;Onni;13
2009;564;Oulu;1;Eetu;18
2009;564;Oulu;1;Lauri;18
2009;698;Rovaniemi;1;Veeti;13
2009;734;Salo;1;Elias;10
2009;743;Seinäjoki;1;Juho;10
2009;837;Tampere;1;Lauri;27
2009;853;Turku;1;Elias;16
2010;49;Espoo;1;Elias;37
2010;91;Helsinki;1;Leo;55
2010;92;Vantaa;1;Elias;33
2010;167;Joensuu;1;Onni;12
2010;179;Jyväskylä;1;Onni;31
2010;200;Ulkomaat;1;Oliver;29
2010;286;Kouvola;1;Elias;10
2010;286;Kouvola;1;Onni;10
2010;297;Kuopio;1;Eetu;11
2010;297;Kuopio;1;Onni;11
2010;398;Lahti;1;Eetu;14
2010;398;Lahti;1;Onni;14
2010;405;Lappeenranta;1;Eetu;15
2010;564;Oulu;1;Joona;20
2010;609;Pori;1;Eetu;12
2010;609;Pori;1;Veeti;12
2010;743;Seinäjoki;1;Elias;13
2010;837;Tampere;1;Onni;26
2010;853;Turku;1;Oliver;24
2010;905;Vaasa;1;Oliver;16
2011;49;Espoo;1;Leo;36
2011;91;Helsinki;1;Leo;75
2011;92;Vantaa;1;Elias;29
2011;167;Joensuu;1;Veeti;12
2011;179;Jyväskylä;1;Elias;15
2011;179;Jyväskylä;1;Vilho;15
2011;200;Ulkomaat;1;Oliver;36
2011;297;Kuopio;1;Onni;18
2011;398;Lahti;1;Niilo;12
2011;405;Lappeenranta;1;Joona;14
2011;564;Oulu;1;Elias;20
2011;609;Pori;1;Elias;14
2011;698;Rovaniemi;1;Veeti;10
2011;743;Seinäjoki;1;Samuel;10
2011;837;Tampere;1;Onni;24
2011;853;Turku;1;Elias;26
2012;49;Espoo;1;Leo;35
2012;91;Helsinki;1;Leo;65
2012;92;Vantaa;1;Leo;21
2012;109;Hämeenlinna;1;Leo;10
2012;167;Joensuu;1;Onni;11
2012;179;Jyväskylä;1;Elias;16
2012;200;Ulkomaat;1;Leo;35
2012;286;Kouvola;1;Veeti;12
2012;297;Kuopio;1;Onni;15
2012;398;Lahti;1;Onni;12
2012;536;Nokia;1;Onni;11
2012;564;Oulu;1;Onni;21
2012;609;Pori;1;Veeti;12
2012;698;Rovaniemi;1;Juho;11
2012;698;Rovaniemi;1;Onni;11
2012;743;Seinäjoki;1;Elias;11
2012;837;Tampere;1;Aleksi;20
2012;837;Tampere;1;Leo;20
2012;853;Turku;1;Onni;20
2013;49;Espoo;1;Oliver;34
2013;91;Helsinki;1;Leo;66
2013;92;Vantaa;1;Aleksi;24
2013;179;Jyväskylä;1;Leo;17
2013;200;Ulkomaat;1;Oliver;28
2013;286;Kouvola;1;Eetu;10
2013;297;Kuopio;1;Leo;13
2013;398;Lahti;1;Elias;12
2013;398;Lahti;1;Leo;12
2013;405;Lappeenranta;1;Onni;11
2013;564;Oulu;1;Eetu;22
2013;609;Pori;1;Elias;15
2013;743;Seinäjoki;1;Onni;12
2013;837;Tampere;1;Leo;21
2013;853;Turku;1;Oliver;20
2014;49;Espoo;1;Elias;32
2014;49;Espoo;1;Oliver;32
2014;91;Helsinki;1;Leo;67
2014;92;Vantaa;1;Leo;26
2014;179;Jyväskylä;1;Leevi;16
2014;200;Ulkomaat;1;Leo;20
2014;286;Kouvola;1;Elias;10
2014;286;Kouvola;1;Leo;10
2014;297;Kuopio;1;Niilo;10
2014;297;Kuopio;1;Väinö;10
2014;398;Lahti;1;Leo;14
2014;405;Lappeenranta;1;Elias;10
2014;564;Oulu;1;Leo;24
2014;564;Oulu;1;Niilo;24
2014;609;Pori;1;Eino;10
2014;609;Pori;1;Onni;10
2014;837;Tampere;1;Elias;25
2014;853;Turku;1;Leo;18
2014;905;Vaasa;1;Elias;12
2015;49;Espoo;1;Oliver;30
2015;91;Helsinki;1;Leo;64
2015;92;Vantaa;1;Leo;35
2015;179;Jyväskylä;1;Onni;18
2015;200;Ulkomaat;1;Leo;27
2015;297;Kuopio;1;Niilo;16
2015;398;Lahti;1;Niilo;13
2015;564;Oulu;1;Daniel;18
2015;564;Oulu;1;Oliver;18
2015;837;Tampere;1;Daniel;19
2015;837;Tampere;1;Elias;19
2015;853;Turku;1;Eino;17
2016;49;Espoo;1;Oliver;37
2016;91;Helsinki;1;Leo;46
2016;92;Vantaa;1;Leo;24
2016;179;Jyväskylä;1;Elias;14
2016;200;Ulkomaat;1;Elias;30
2016;286;Kouvola;1;Väinö;10
2016;297;Kuopio;1;Leo;10
2016;297;Kuopio;1;Nooa;10
2016;398;Lahti;1;Leevi;11
2016;398;Lahti;1;Oliver;11
2016;564;Oulu;1;Eetu;28
2016;698;Rovaniemi;1;Eetu;10
2016;743;Seinäjoki;1;Eino;11
2016;837;Tampere;1;Leo;22
2016;853;Turku;1;Leo;19
2017;49;Espoo;1;Elias;34
2017;91;Helsinki;1;Leo;64
2017;92;Vantaa;1;Daniel;22
2017;109;Hämeenlinna;1;Leo;12
2017;179;Jyväskylä;1;Leo;12
2017;200;Ulkomaat;1;Leo;25
2017;297;Kuopio;1;Leo;12
2017;398;Lahti;1;Emil;13
2017;398;Lahti;1;Noel;13
2017;564;Oulu;1;Leo;21
2017;609;Pori;1;Elias;10
2017;837;Tampere;1;Leo;28
2017;853;Turku;1;Elias;19
2018;49;Espoo;1;Elias;33
2018;91;Helsinki;1;Leo;63
2018;92;Vantaa;1;Leo;27
2018;167;Joensuu;1;Eeli;11
2018;179;Jyväskylä;1;Eeli;14
2018;200;Ulkomaat;1;Leo;17
2018;286;Kouvola;1;Eino;11
2018;297;Kuopio;1;Leo;13
2018;398;Lahti;1;Elias;11
2018;405;Lappeenranta;1;Eeli;11
2018;564;Oulu;1;Eeli;20
2018;609;Pori;1;Eeli;12
2018;743;Seinäjoki;1;Oliver;11
2018;837;Tampere;1;Eeli;27
2018;853;Turku;1;Eeli;17
2019;49;Espoo;1;Emil;10
2019;91;Helsinki;1;Oliver;18
2019;92;Vantaa;1;Elias;10
1969;49;Espoo;2;Sari;30
1969;75;Hamina;2;Sari;10
1969;88;Heinola;2;Sari;11
1969;91;Helsinki;2;Sari;168
1969;92;Vantaa;2;Minna;36
1969;106;Hyvinkää;2;Sari;22
1969;109;Hämeenlinna;2;Minna;20
1969;153;Imatra;2;Minna;14
1969;167;Joensuu;2;Sari;22
1969;179;Jyväskylä;2;Sari;27
1969;180;Jyväskylän mlk;2;Sari;15
1969;200;Ulkomaat;2;Elena;103
1969;201;Karhula;2;Minna;14
1969;205;Kajaani;2;Sari;11
1969;214;Kankaanpää;2;Sari;12
1969;240;Kemi;2;Minna;16
1969;272;Kokkola;2;Sari;14
1969;285;Kotka;2;Minna;15
1969;286;Kouvola;2;Sari;13
1969;297;Kuopio;2;Sari;59
1969;305;Kuusamo;2;Sari;16
1969;306;Kuusankoski;2;Minna;10
1969;398;Lahti;2;Sari;50
1969;405;Lappeenranta;2;Minna;34
1969;491;Mikkeli;2;Sari;14
1969;542;Nurmeksen mlk;2;Sari;10
1969;543;Nurmijärvi;2;Sari;10
1969;564;Oulu;2;Minna;43
1969;597;Pielisjärvi;2;Sari;10
1969;609;Pori;2;Sari;44
1969;684;Rauma;2;Sari;18
1969;694;Riihimäki;2;Sari;11
1969;698;Rovaniemi;2;Sari;18
1969;740;Savonlinna;2;Minna;12
1969;743;Seinäjoki;2;Minna;13
1969;837;Tampere;2;Sari;87
1969;853;Turku;2;Sari;73
1969;905;Vaasa;2;Sari;19
1969;908;Valkeakoski;2;Sari;12
1969;915;Varkaus;2;Sari;14
1970;49;Espoo;2;Nina;31
1970;91;Helsinki;2;Sari;161
1970;92;Vantaa;2;Nina;27
1970;106;Hyvinkää;2;Sari;20
1970;109;Hämeenlinna;2;Sari;17
1970;140;Iisalmi;2;Minna;12
1970;153;Imatra;2;Sari;14
1970;167;Joensuu;2;Sari;26
1970;179;Jyväskylä;2;Minna;27
1970;179;Jyväskylä;2;Sari;27
1970;180;Jyväskylän mlk;2;Sari;11
1970;200;Ulkomaat;2;Maria;115
1970;205;Kajaani;2;Minna;15
1970;240;Kemi;2;Päivi;12
1970;272;Kokkola;2;Minna;11
1970;286;Kouvola;2;Kati;11
1970;297;Kuopio;2;Sari;37
1970;398;Lahti;2;Sari;42
1970;405;Lappeenranta;2;Minna;23
1970;491;Mikkeli;2;Minna;13
1970;564;Oulu;2;Minna;38
1970;609;Pori;2;Sari;33
1970;684;Rauma;2;Sari;10
1970;698;Rovaniemi;2;Minna;19
1970;740;Savonlinna;2;Tiina;11
1970;743;Seinäjoki;2;Sari;11
1970;837;Tampere;2;Minna;61
1970;853;Turku;2;Sari;55
1970;858;Tuusula;2;Satu;10
1970;905;Vaasa;2;Sari;19
1970;915;Varkaus;2;Sari;11
1971;49;Espoo;2;Nina;41
1971;91;Helsinki;2;Nina;134
1971;92;Vantaa;2;Minna;33
1971;106;Hyvinkää;2;Kirsi;12
1971;109;Hämeenlinna;2;Nina;15
1971;153;Imatra;2;Sari;15
1971;167;Joensuu;2;Sari;23
1971;179;Jyväskylä;2;Minna;23
1971;200;Ulkomaat;2;Elena;134
1971;240;Kemi;2;Katja;11
1971;240;Kemi;2;Minna;11
1971;245;Kerava;2;Minna;10
1971;272;Kokkola;2;Minna;14
1971;285;Kotka;2;Sari;16
1971;286;Kouvola;2;Sari;13
1971;297;Kuopio;2;Minna;27
1971;305;Kuusamo;2;Sari;10
1971;398;Lahti;2;Kirsi;31
1971;405;Lappeenranta;2;Minna;22
1971;491;Mikkeli;2;Sari;12
1971;564;Oulu;2;Minna;41
1971;609;Pori;2;Marika;18
1971;684;Rauma;2;Sari;15
1971;694;Riihimäki;2;Minna;11
1971;698;Rovaniemi;2;Pia;10
1971;743;Seinäjoki;2;Sari;11
1971;754;Anjalankoski;2;Minna;10
1971;837;Tampere;2;Sari;49
1971;853;Turku;2;Sari;43
1971;858;Tuusula;2;Nina;10
1971;905;Vaasa;2;Nina;19
1971;908;Valkeakoski;2;Kirsi;12
1971;915;Varkaus;2;Minna;11
1972;49;Espoo;2;Nina;37
1972;91;Helsinki;2;Nina;124
1972;92;Vantaa;2;Katja;27
1972;106;Hyvinkää;2;Nina;11
1972;109;Hämeenlinna;2;Katja;10
1972;109;Hämeenlinna;2;Mari;10
1972;140;Iisalmi;2;Sari;10
1972;153;Imatra;2;Katja;11
1972;153;Imatra;2;Minna;11
1972;167;Joensuu;2;Minna;15
1972;179;Jyväskylä;2;Katja;21
1972;186;Järvenpää;2;Kirsi;10
1972;200;Ulkomaat;2;Elena;117
1972;240;Kemi;2;Katja;13
1972;286;Kouvola;2;Katja;12
1972;297;Kuopio;2;Minna;29
1972;398;Lahti;2;Katja;32
1972;405;Lappeenranta;2;Minna;14
1972;491;Mikkeli;2;Sari;10
1972;564;Oulu;2;Minna;37
1972;598;Pietarsaari;2;Pia;10
1972;609;Pori;2;Marika;19
1972;609;Pori;2;Minna;19
1972;698;Rovaniemi;2;Satu;11
1972;837;Tampere;2;Sari;47
1972;853;Turku;2;Nina;39
1972;905;Vaasa;2;Nina;17
1973;49;Espoo;2;Katja;29
1973;91;Helsinki;2;Katja;105
1973;92;Vantaa;2;Katja;40
1973;106;Hyvinkää;2;Katja;12
1973;109;Hämeenlinna;2;Sanna;12
1973;153;Imatra;2;Katja;12
1973;167;Joensuu;2;Minna;15
1973;179;Jyväskylä;2;Katja;21
1973;200;Ulkomaat;2;Anna;117
1973;297;Kuopio;2;Anne;22
1973;398;Lahti;2;Katja;29
1973;405;Lappeenranta;2;Minna;18
1973;428;Lohjan kunta;2;Kati;11
1973;564;Oulu;2;Katja;41
1973;609;Pori;2;Sari;20
1973;678;Raahe;2;Katja;11
1973;698;Rovaniemi;2;Katja;14
1973;740;Savonlinna;2;Minna;13
1973;743;Seinäjoki;2;Katja;11
1973;837;Tampere;2;Katja;36
1973;851;Tornio;2;Katja;12
1973;853;Turku;2;Katja;36
1973;853;Turku;2;Minna;36
1973;905;Vaasa;2;Sari;14
1974;49;Espoo;2;Katja;26
1974;88;Heinola;2;Katja;10
1974;91;Helsinki;2;Katja;114
1974;92;Vantaa;2;Katja;35
1974;106;Hyvinkää;2;Minna;11
1974;109;Hämeenlinna;2;Satu;12
1974;153;Imatra;2;Katja;12
1974;153;Imatra;2;Sanna;12
1974;167;Joensuu;2;Katja;17
1974;179;Jyväskylä;2;Katja;22
1974;179;Jyväskylä;2;Minna;22
1974;200;Ulkomaat;2;Natalia;132
1974;240;Kemi;2;Katja;15
1974;286;Kouvola;2;Katja;11
1974;297;Kuopio;2;Sanna;22
1974;398;Lahti;2;Katja;28
1974;405;Lappeenranta;2;Kati;14
1974;405;Lappeenranta;2;Sanna;14
1974;491;Mikkeli;2;Sanna;10
1974;564;Oulu;2;Sanna;28
1974;609;Pori;2;Sari;23
1974;684;Rauma;2;Katja;13
1974;694;Riihimäki;2;Katja;10
1974;694;Riihimäki;2;Minna;10
1974;740;Savonlinna;2;Kati;12
1974;743;Seinäjoki;2;Johanna;10
1974;743;Seinäjoki;2;Mari;10
1974;837;Tampere;2;Katja;39
1974;837;Tampere;2;Minna;39
1974;853;Turku;2;Johanna;46
1974;905;Vaasa;2;Katja;16
1975;49;Espoo;2;Anna;31
1975;91;Helsinki;2;Katja;97
1975;92;Vantaa;2;Katja;39
1975;106;Hyvinkää;2;Katja;13
1975;109;Hämeenlinna;2;Johanna;10
1975;140;Iisalmi;2;Sanna;11
1975;167;Joensuu;2;Sanna;14
1975;179;Jyväskylä;2;Katja;22
1975;180;Jyväskylän mlk;2;Sanna;10
1975;200;Ulkomaat;2;Anna;140
1975;240;Kemi;2;Katja;13
1975;245;Kerava;2;Katja;11
1975;285;Kotka;2;Katja;13
1975;285;Kotka;2;Niina;13
1975;297;Kuopio;2;Anne;23
1975;398;Lahti;2;Katja;31
1975;405;Lappeenranta;2;Katja;18
1975;491;Mikkeli;2;Katja;11
1975;564;Oulu;2;Sanna;41
1975;609;Pori;2;Johanna;21
1975;678;Raahe;2;Katja;14
1975;684;Rauma;2;Anu;12
1975;698;Rovaniemi;2;Sanna;11
1975;734;Salo;2;Johanna;10
1975;740;Savonlinna;2;Katja;12
1975;743;Seinäjoki;2;Katja;10
1975;837;Tampere;2;Johanna;47
1975;853;Turku;2;Johanna;54
1975;905;Vaasa;2;Sari;15
1975;915;Varkaus;2;Sanna;14
1976;49;Espoo;2;Anna;43
1976;91;Helsinki;2;Sanna;101
1976;92;Vantaa;2;Sanna;43
1976;106;Hyvinkää;2;Sanna;15
1976;140;Iisalmi;2;Sanna;14
1976;153;Imatra;2;Hanna;14
1976;153;Imatra;2;Minna;14
1976;167;Joensuu;2;Sanna;15
1976;179;Jyväskylä;2;Sanna;23
1976;180;Jyväskylän mlk;2;Tiina;10
1976;200;Ulkomaat;2;Anna;143
1976;200;Ulkomaat;2;Maria;143
1976;205;Kajaani;2;Mari;10
1976;205;Kajaani;2;Minna;10
1976;240;Kemi;2;Kati;11
1976;240;Kemi;2;Katja;11
1976;245;Kerava;2;Katja;11
1976;272;Kokkola;2;Johanna;11
1976;286;Kouvola;2;Sanna;10
1976;297;Kuopio;2;Tiina;25
1976;398;Lahti;2;Katja;26
1976;405;Lappeenranta;2;Minna;19
1976;491;Mikkeli;2;Katja;13
1976;564;Oulu;2;Sanna;40
1976;609;Pori;2;Johanna;30
1976;678;Raahe;2;Katja;12
1976;684;Rauma;2;Johanna;11
1976;698;Rovaniemi;2;Kati;12
1976;740;Savonlinna;2;Sanna;11
1976;837;Tampere;2;Sanna;41
1976;853;Turku;2;Johanna;47
1976;905;Vaasa;2;Johanna;17
1976;915;Varkaus;2;Kati;12
1977;49;Espoo;2;Heidi;33
1977;91;Helsinki;2;Sanna;89
1977;92;Vantaa;2;Sanna;39
1977;106;Hyvinkää;2;Anu;11
1977;106;Hyvinkää;2;Johanna;11
1977;106;Hyvinkää;2;Kati;11
1977;109;Hämeenlinna;2;Hanna;10
1977;109;Hämeenlinna;2;Katja;10
1977;153;Imatra;2;Sanna;14
1977;167;Joensuu;2;Minna;18
1977;179;Jyväskylä;2;Tiina;24
1977;186;Järvenpää;2;Minna;10
1977;200;Ulkomaat;2;Anna;168
1977;205;Kajaani;2;Sanna;12
1977;240;Kemi;2;Sanna;13
1977;257;Kirkkonummi;2;Sanna;11
1977;272;Kokkola;2;Sanna;15
1977;285;Kotka;2;Jenni;15
1977;286;Kouvola;2;Hanna;11
1977;286;Kouvola;2;Minna;11
1977;297;Kuopio;2;Sanna;29
1977;398;Lahti;2;Sanna;24
1977;405;Lappeenranta;2;Sanna;16
1977;491;Mikkeli;2;Hanna;11
1977;564;Oulu;2;Sanna;37
1977;609;Pori;2;Johanna;25
1977;678;Raahe;2;Minna;13
1977;684;Rauma;2;Minna;11
1977;684;Rauma;2;Sanna;11
1977;698;Rovaniemi;2;Johanna;10
1977;698;Rovaniemi;2;Minna;10
1977;740;Savonlinna;2;Sanna;15
1977;749;Siilinjärvi;2;Sanna;10
1977;837;Tampere;2;Sanna;44
1977;853;Turku;2;Johanna;51
1977;905;Vaasa;2;Johanna;23
1978;49;Espoo;2;Hanna;31
1978;91;Helsinki;2;Laura;90
1978;92;Vantaa;2;Sanna;33
1978;106;Hyvinkää;2;Katja;10
1978;109;Hämeenlinna;2;Johanna;17
1978;140;Iisalmi;2;Anne;10
1978;167;Joensuu;2;Sanna;13
1978;179;Jyväskylä;2;Sanna;23
1978;180;Jyväskylän mlk;2;Sanna;12
1978;200;Ulkomaat;2;Anna;166
1978;205;Kajaani;2;Sanna;18
1978;240;Kemi;2;Sanna;12
1978;272;Kokkola;2;Mari;12
1978;285;Kotka;2;Hanna;14
1978;286;Kouvola;2;Anu;12
1978;297;Kuopio;2;Katja;23
1978;398;Lahti;2;Sanna;28
1978;405;Lappeenranta;2;Hanna;15
1978;405;Lappeenranta;2;Sanna;15
1978;536;Nokia;2;Hanna;13
1978;564;Oulu;2;Sanna;34
1978;609;Pori;2;Johanna;23
1978;680;Raisio;2;Johanna;10
1978;684;Rauma;2;Sanna;13
1978;740;Savonlinna;2;Anne;10
1978;740;Savonlinna;2;Sanna;10
1978;837;Tampere;2;Hanna;30
1978;853;Turku;2;Johanna;43
1978;905;Vaasa;2;Heidi;18
1978;908;Valkeakoski;2;Hanna;10
1979;49;Espoo;2;Hanna;36
1979;49;Espoo;2;Laura;36
1979;91;Helsinki;2;Anna;109
1979;91;Helsinki;2;Heidi;109
1979;92;Vantaa;2;Heidi;44
1979;106;Hyvinkää;2;Heidi;14
1979;109;Hämeenlinna;2;Heidi;16
1979;153;Imatra;2;Heidi;11
1979;167;Joensuu;2;Anne;12
1979;167;Joensuu;2;Päivi;12
1979;179;Jyväskylä;2;Hanna;19
1979;200;Ulkomaat;2;Anna;139
1979;200;Ulkomaat;2;Maria;139
1979;205;Kajaani;2;Heidi;14
1979;272;Kokkola;2;Heidi;10
1979;285;Kotka;2;Heidi;19
1979;297;Kuopio;2;Sanna;21
1979;305;Kuusamo;2;Hanna;10
1979;305;Kuusamo;2;Sanna;10
1979;398;Lahti;2;Heidi;35
1979;405;Lappeenranta;2;Anu;17
1979;564;Oulu;2;Heidi;34
1979;598;Pietarsaari;2;Heidi;10
1979;598;Pietarsaari;2;Maria;10
1979;609;Pori;2;Sanna;22
1979;612;Porvoo;2;Heidi;11
1979;684;Rauma;2;Heidi;13
1979;694;Riihimäki;2;Sanna;10
1979;698;Rovaniemi;2;Heidi;14
1979;743;Seinäjoki;2;Hanna;10
1979;837;Tampere;2;Heidi;42
1979;851;Tornio;2;Heidi;15
1979;853;Turku;2;Heidi;54
1979;905;Vaasa;2;Heidi;20
1980;49;Espoo;2;Laura;41
1980;91;Helsinki;2;Anna;92
1980;91;Helsinki;2;Laura;92
1980;92;Vantaa;2;Heidi;48
1980;106;Hyvinkää;2;Sanna;11
1980;153;Imatra;2;Satu;13
1980;167;Joensuu;2;Sanna;18
1980;179;Jyväskylä;2;Hanna;17
1980;200;Ulkomaat;2;Anna;205
1980;205;Kajaani;2;Tiina;16
1980;272;Kokkola;2;Heidi;15
1980;285;Kotka;2;Hanna;17
1980;286;Kouvola;2;Heidi;11
1980;297;Kuopio;2;Hanna;19
1980;297;Kuopio;2;Heidi;19
1980;398;Lahti;2;Heidi;27
1980;398;Lahti;2;Sanna;27
1980;405;Lappeenranta;2;Heidi;15
1980;564;Oulu;2;Heidi;31
1980;564;Oulu;2;Sanna;31
1980;609;Pori;2;Heidi;21
1980;609;Pori;2;Johanna;21
1980;684;Rauma;2;Laura;11
1980;698;Rovaniemi;2;Sanna;11
1980;740;Savonlinna;2;Katja;10
1980;740;Savonlinna;2;Sanna;10
1980;743;Seinäjoki;2;Hanna;10
1980;743;Seinäjoki;2;Satu;10
1980;837;Tampere;2;Sanna;39
1980;851;Tornio;2;Heidi;10
1980;853;Turku;2;Jenni;35
1980;905;Vaasa;2;Mari;14
1981;49;Espoo;2;Anna;44
1981;91;Helsinki;2;Laura;102
1981;92;Vantaa;2;Heidi;39
1981;106;Hyvinkää;2;Hanna;12
1981;140;Iisalmi;2;Sanna;11
1981;153;Imatra;2;Tiina;11
1981;167;Joensuu;2;Hanna;17
1981;179;Jyväskylä;2;Hanna;18
1981;179;Jyväskylä;2;Heidi;18
1981;180;Jyväskylän mlk;2;Heidi;11
1981;200;Ulkomaat;2;Anna;197
1981;205;Kajaani;2;Anna;11
1981;272;Kokkola;2;Heidi;14
1981;285;Kotka;2;Sanna;17
1981;297;Kuopio;2;Satu;18
1981;398;Lahti;2;Heidi;34
1981;405;Lappeenranta;2;Sanna;13
1981;564;Oulu;2;Heidi;31
1981;609;Pori;2;Johanna;26
1981;684;Rauma;2;Sanna;10
1981;698;Rovaniemi;2;Elina;10
1981;837;Tampere;2;Johanna;34
1981;851;Tornio;2;Hanna;10
1981;853;Turku;2;Heidi;42
1981;905;Vaasa;2;Heidi;20
1981;908;Valkeakoski;2;Kaisa;10
1981;915;Varkaus;2;Laura;10
1982;49;Espoo;2;Laura;46
1982;91;Helsinki;2;Anna;99
1982;92;Vantaa;2;Heidi;38
1982;106;Hyvinkää;2;Minna;10
1982;109;Hämeenlinna;2;Laura;10
1982;167;Joensuu;2;Tiina;14
1982;179;Jyväskylä;2;Heidi;21
1982;200;Ulkomaat;2;Anna;214
1982;205;Kajaani;2;Heidi;11
1982;272;Kokkola;2;Heidi;15
1982;285;Kotka;2;Heidi;17
1982;297;Kuopio;2;Heidi;20
1982;398;Lahti;2;Heidi;32
1982;405;Lappeenranta;2;Tiina;14
1982;564;Oulu;2;Hanna;25
1982;609;Pori;2;Sanna;19
1982;684;Rauma;2;Johanna;10
1982;698;Rovaniemi;2;Elina;10
1982;698;Rovaniemi;2;Sanna;10
1982;743;Seinäjoki;2;Elina;10
1982;743;Seinäjoki;2;Johanna;10
1982;837;Tampere;2;Johanna;35
1982;853;Turku;2;Heidi;44
1982;905;Vaasa;2;Heidi;16
1982;915;Varkaus;2;Hanna;10
1983;49;Espoo;2;Heidi;37
1983;49;Espoo;2;Laura;37
1983;91;Helsinki;2;Laura;100
1983;92;Vantaa;2;Laura;41
1983;106;Hyvinkää;2;Heidi;12
1983;140;Iisalmi;2;Anne;15
1983;167;Joensuu;2;Laura;15
1983;179;Jyväskylä;2;Laura;16
1983;200;Ulkomaat;2;Anna;216
1983;205;Kajaani;2;Minna;11
1983;240;Kemi;2;Sanna;10
1983;245;Kerava;2;Sanna;11
1983;272;Kokkola;2;Heidi;13
1983;285;Kotka;2;Heidi;20
1983;297;Kuopio;2;Anne;21
1983;398;Lahti;2;Hanna;25
1983;405;Lappeenranta;2;Jenni;17
1983;491;Mikkeli;2;Anna;10
1983;491;Mikkeli;2;Hanna;10
1983;564;Oulu;2;Tiina;32
1983;609;Pori;2;Johanna;21
1983;684;Rauma;2;Heidi;16
1983;743;Seinäjoki;2;Johanna;11
1983;837;Tampere;2;Heidi;33
1983;837;Tampere;2;Johanna;33
1983;851;Tornio;2;Hanna;10
1983;853;Turku;2;Heidi;37
1983;858;Tuusula;2;Laura;13
1983;905;Vaasa;2;Heidi;25
1984;49;Espoo;2;Laura;41
1984;91;Helsinki;2;Laura;96
1984;92;Vantaa;2;Heidi;36
1984;106;Hyvinkää;2;Laura;12
1984;153;Imatra;2;Laura;10
1984;179;Jyväskylä;2;Laura;19
1984;200;Ulkomaat;2;Anna;242
1984;205;Kajaani;2;Hanna;11
1984;272;Kokkola;2;Jenni;12
1984;285;Kotka;2;Jenni;11
1984;297;Kuopio;2;Minna;19
1984;398;Lahti;2;Jenni;24
1984;405;Lappeenranta;2;Laura;14
1984;543;Nurmijärvi;2;Jenni;10
1984;564;Oulu;2;Tiina;25
1984;609;Pori;2;Sanna;22
1984;684;Rauma;2;Heidi;10
1984;837;Tampere;2;Jenni;34
1984;853;Turku;2;Heidi;33
1984;905;Vaasa;2;Heidi;19
1984;915;Varkaus;2;Laura;12
1985;49;Espoo;2;Laura;46
1985;91;Helsinki;2;Laura;93
1985;92;Vantaa;2;Laura;35
1985;109;Hämeenlinna;2;Laura;11
1985;167;Joensuu;2;Hanna;14
1985;179;Jyväskylä;2;Hanna;18
1985;200;Ulkomaat;2;Anna;257
1985;205;Kajaani;2;Laura;16
1985;245;Kerava;2;Laura;12
1985;257;Kirkkonummi;2;Heidi;11
1985;272;Kokkola;2;Laura;10
1985;285;Kotka;2;Laura;14
1985;286;Kouvola;2;Hanna;10
1985;286;Kouvola;2;Laura;10
1985;297;Kuopio;2;Jenni;25
1985;297;Kuopio;2;Laura;25
1985;398;Lahti;2;Heidi;18
1985;405;Lappeenranta;2;Laura;13
1985;491;Mikkeli;2;Laura;10
1985;543;Nurmijärvi;2;Laura;12
1985;564;Oulu;2;Anna;23
1985;609;Pori;2;Johanna;14
1985;609;Pori;2;Susanna;14
1985;684;Rauma;2;Heidi;10
1985;740;Savonlinna;2;Heidi;10
1985;837;Tampere;2;Jenni;31
1985;853;Turku;2;Laura;34
1985;905;Vaasa;2;Heidi;10
1985;915;Varkaus;2;Laura;10
1986;49;Espoo;2;Laura;39
1986;91;Helsinki;2;Laura;85
1986;92;Vantaa;2;Laura;32
1986;106;Hyvinkää;2;Jenni;11
1986;179;Jyväskylä;2;Laura;14
1986;200;Ulkomaat;2;Anna;277
1986;205;Kajaani;2;Jenni;12
1986;285;Kotka;2;Laura;10
1986;297;Kuopio;2;Laura;18
1986;398;Lahti;2;Laura;15
1986;405;Lappeenranta;2;Jenni;13
1986;564;Oulu;2;Hanna;27
1986;609;Pori;2;Heidi;15
1986;609;Pori;2;Jenna;15
1986;698;Rovaniemi;2;Johanna;10
1986;837;Tampere;2;Laura;30
1986;853;Turku;2;Laura;37
1986;905;Vaasa;2;Heidi;12
1987;49;Espoo;2;Laura;34
1987;91;Helsinki;2;Laura;91
1987;92;Vantaa;2;Laura;43
1987;109;Hämeenlinna;2;Minna;10
1987;167;Joensuu;2;Niina;11
1987;179;Jyväskylä;2;Anna;12
1987;179;Jyväskylä;2;Hanna;12
1987;200;Ulkomaat;2;Anna;285
1987;297;Kuopio;2;Laura;18
1987;398;Lahti;2;Jenni;19
1987;405;Lappeenranta;2;Laura;10
1987;564;Oulu;2;Jenni;29
1987;609;Pori;2;Susanna;11
1987;698;Rovaniemi;2;Sanna;10
1987;837;Tampere;2;Heidi;24
1987;853;Turku;2;Sanna;22
1987;905;Vaasa;2;Heidi;12
1987;915;Varkaus;2;Jenni;11
1988;49;Espoo;2;Laura;38
1988;91;Helsinki;2;Laura;84
1988;92;Vantaa;2;Laura;40
1988;106;Hyvinkää;2;Laura;11
1988;167;Joensuu;2;Noora;11
1988;179;Jyväskylä;2;Laura;17
1988;200;Ulkomaat;2;Anna;225
1988;205;Kajaani;2;Jenni;15
1988;285;Kotka;2;Laura;14
1988;297;Kuopio;2;Jenni;22
1988;398;Lahti;2;Heidi;19
1988;405;Lappeenranta;2;Jenna;10
1988;491;Mikkeli;2;Laura;10
1988;564;Oulu;2;Laura;33
1988;609;Pori;2;Laura;16
1988;698;Rovaniemi;2;Laura;17
1988;743;Seinäjoki;2;Jenni;10
1988;837;Tampere;2;Jenni;26
1988;853;Turku;2;Heidi;31
1988;905;Vaasa;2;Heidi;10
1989;49;Espoo;2;Laura;49
1989;91;Helsinki;2;Laura;89
1989;92;Vantaa;2;Laura;30
1989;167;Joensuu;2;Tiina;12
1989;179;Jyväskylä;2;Laura;15
1989;200;Ulkomaat;2;Anna;221
1989;297;Kuopio;2;Jenni;17
1989;398;Lahti;2;Jenni;15
1989;405;Lappeenranta;2;Anni;14
1989;564;Oulu;2;Laura;27
1989;609;Pori;2;Laura;15
1989;749;Siilinjärvi;2;Jenni;12
1989;837;Tampere;2;Laura;30
1989;853;Turku;2;Anna;24
1989;853;Turku;2;Laura;24
1989;905;Vaasa;2;Sanna;13
1990;49;Espoo;2;Laura;42
1990;91;Helsinki;2;Laura;88
1990;92;Vantaa;2;Laura;38
1990;106;Hyvinkää;2;Jenni;10
1990;106;Hyvinkää;2;Sanna;10
1990;167;Joensuu;2;Anni;11
1990;179;Jyväskylä;2;Anna;20
1990;186;Järvenpää;2;Anna;10
1990;200;Ulkomaat;2;Anna;202
1990;285;Kotka;2;Jenni;11
1990;286;Kouvola;2;Jenna;10
1990;286;Kouvola;2;Laura;10
1990;297;Kuopio;2;Laura;16
1990;398;Lahti;2;Laura;19
1990;405;Lappeenranta;2;Jenna;11
1990;543;Nurmijärvi;2;Laura;10
1990;564;Oulu;2;Anna;28
1990;564;Oulu;2;Laura;28
1990;609;Pori;2;Laura;16
1990;743;Seinäjoki;2;Noora;10
1990;837;Tampere;2;Laura;33
1990;853;Turku;2;Laura;27
1991;49;Espoo;2;Laura;44
1991;91;Helsinki;2;Laura;110
1991;92;Vantaa;2;Laura;54
1991;109;Hämeenlinna;2;Hanna;11
1991;167;Joensuu;2;Laura;15
1991;179;Jyväskylä;2;Laura;16
1991;186;Järvenpää;2;Laura;12
1991;200;Ulkomaat;2;Anna;165
1991;272;Kokkola;2;Jenna;10
1991;285;Kotka;2;Heidi;11
1991;297;Kuopio;2;Jenna;16
1991;398;Lahti;2;Laura;23
1991;405;Lappeenranta;2;Laura;14
1991;543;Nurmijärvi;2;Laura;12
1991;564;Oulu;2;Laura;28
1991;609;Pori;2;Jenni;15
1991;837;Tampere;2;Laura;34
1991;853;Turku;2;Laura;24
1991;905;Vaasa;2;Jessica;12
1991;915;Varkaus;2;Laura;14
1992;49;Espoo;2;Laura;57
1992;91;Helsinki;2;Laura;105
1992;92;Vantaa;2;Laura;33
1992;106;Hyvinkää;2;Jenni;11
1992;109;Hämeenlinna;2;Laura;15
1992;167;Joensuu;2;Noora;12
1992;179;Jyväskylä;2;Laura;14
1992;186;Järvenpää;2;Laura;13
1992;200;Ulkomaat;2;Anna;172
1992;205;Kajaani;2;Jenni;13
1992;245;Kerava;2;Laura;10
1992;257;Kirkkonummi;2;Laura;12
1992;297;Kuopio;2;Jenni;18
1992;398;Lahti;2;Laura;19
1992;405;Lappeenranta;2;Laura;10
1992;564;Oulu;2;Laura;31
1992;609;Pori;2;Laura;13
1992;698;Rovaniemi;2;Laura;13
1992;837;Tampere;2;Laura;43
1992;853;Turku;2;Laura;27
1992;905;Vaasa;2;Emilia;11
1992;915;Varkaus;2;Laura;10
1993;49;Espoo;2;Anna;37
1993;91;Helsinki;2;Laura;82
1993;92;Vantaa;2;Laura;39
1993;179;Jyväskylä;2;Laura;15
1993;186;Järvenpää;2;Laura;12
1993;200;Ulkomaat;2;Anna;156
1993;297;Kuopio;2;Noora;12
1993;398;Lahti;2;Jenni;18
1993;405;Lappeenranta;2;Heidi;10
1993;564;Oulu;2;Laura;35
1993;609;Pori;2;Laura;14
1993;837;Tampere;2;Laura;37
1993;853;Turku;2;Laura;30
1993;905;Vaasa;2;Laura;11
1994;49;Espoo;2;Laura;43
1994;91;Helsinki;2;Laura;88
1994;92;Vantaa;2;Jenni;25
1994;92;Vantaa;2;Laura;25
1994;167;Joensuu;2;Laura;11
1994;179;Jyväskylä;2;Laura;16
1994;200;Ulkomaat;2;Anna;185
1994;285;Kotka;2;Laura;13
1994;297;Kuopio;2;Laura;17
1994;398;Lahti;2;Laura;18
1994;405;Lappeenranta;2;Laura;13
1994;564;Oulu;2;Laura;28
1994;609;Pori;2;Emilia;13
1994;609;Pori;2;Laura;13
1994;743;Seinäjoki;2;Laura;11
1994;837;Tampere;2;Laura;36
1994;853;Turku;2;Laura;23
1994;905;Vaasa;2;Laura;18
1995;49;Espoo;2;Laura;33
1995;91;Helsinki;2;Anna;81
1995;92;Vantaa;2;Laura;25
1995;106;Hyvinkää;2;Laura;11
1995;186;Järvenpää;2;Noora;10
1995;200;Ulkomaat;2;Anna;177
1995;272;Kokkola;2;Laura;10
1995;285;Kotka;2;Laura;11
1995;297;Kuopio;2;Roosa;15
1995;398;Lahti;2;Essi;13
1995;398;Lahti;2;Laura;13
1995;564;Oulu;2;Henna;23
1995;564;Oulu;2;Julia;23
1995;609;Pori;2;Emilia;16
1995;698;Rovaniemi;2;Laura;10
1995;837;Tampere;2;Laura;28
1995;853;Turku;2;Julia;21
1995;853;Turku;2;Laura;21
1995;905;Vaasa;2;Julia;12
1996;49;Espoo;2;Sara;30
1996;91;Helsinki;2;Anna;49
1996;92;Vantaa;2;Nea;21
1996;167;Joensuu;2;Jenni;10
1996;179;Jyväskylä;2;Jenna;11
1996;200;Ulkomaat;2;Anna;156
1996;205;Kajaani;2;Jenna;10
1996;297;Kuopio;2;Noora;14
1996;398;Lahti;2;Roosa;14
1996;405;Lappeenranta;2;Milla;10
1996;405;Lappeenranta;2;Sonja;10
1996;564;Oulu;2;Jenni;20
1996;609;Pori;2;Jenna;13
1996;684;Rauma;2;Linda;15
1996;837;Tampere;2;Roosa;26
1996;853;Turku;2;Anna;20
1996;905;Vaasa;2;Emma;14
1997;49;Espoo;2;Sara;24
1997;91;Helsinki;2;Sara;54
1997;92;Vantaa;2;Laura;28
1997;167;Joensuu;2;Emma;10
1997;179;Jyväskylä;2;Sara;12
1997;200;Ulkomaat;2;Anna;119
1997;297;Kuopio;2;Vilma;13
1997;398;Lahti;2;Jenna;18
1997;564;Oulu;2;Laura;21
1997;609;Pori;2;Laura;13
1997;837;Tampere;2;Julia;29
1997;853;Turku;2;Emilia;21
1998;49;Espoo;2;Emma;30
1998;49;Espoo;2;Julia;30
1998;91;Helsinki;2;Emma;74
1998;92;Vantaa;2;Jenna;24
1998;200;Ulkomaat;2;Anna;103
1998;297;Kuopio;2;Jenna;12
1998;297;Kuopio;2;Oona;12
1998;398;Lahti;2;Julia;13
1998;564;Oulu;2;Laura;27
1998;609;Pori;2;Emma;11
1998;698;Rovaniemi;2;Jenna;10
1998;837;Tampere;2;Emma;27
1998;853;Turku;2;Jasmin;22
1999;49;Espoo;2;Emma;29
1999;91;Helsinki;2;Emma;58
1999;92;Vantaa;2;Sara;27
1999;179;Jyväskylä;2;Emma;11
1999;200;Ulkomaat;2;Anna;67
1999;285;Kotka;2;Roosa;10
1999;297;Kuopio;2;Roosa;11
1999;398;Lahti;2;Roosa;12
1999;405;Lappeenranta;2;Emma;14
1999;564;Oulu;2;Noora;19
1999;609;Pori;2;Anni;11
1999;609;Pori;2;Emilia;11
1999;609;Pori;2;Iida;11
1999;609;Pori;2;Jenni;11
1999;609;Pori;2;Veera;11
1999;638;Porvoo;2;Emma;10
1999;837;Tampere;2;Julia;23
1999;853;Turku;2;Jenna;29
1999;905;Vaasa;2;Emilia;12
1999;905;Vaasa;2;Julia;12
2000;49;Espoo;2;Sara;30
2000;91;Helsinki;2;Anna;43
2000;91;Helsinki;2;Emma;43
2000;92;Vantaa;2;Nea;27
2000;200;Ulkomaat;2;Anna;66
2000;297;Kuopio;2;Jenna;10
2000;297;Kuopio;2;Laura;10
2000;297;Kuopio;2;Nea;10
2000;398;Lahti;2;Julia;15
2000;398;Lahti;2;Sara;15
2000;564;Oulu;2;Veera;20
2000;609;Pori;2;Julia;14
2000;837;Tampere;2;Jenni;20
2000;853;Turku;2;Emilia;19
2001;49;Espoo;2;Emma;36
2001;91;Helsinki;2;Anna;55
2001;92;Vantaa;2;Nea;23
2001;179;Jyväskylä;2;Lotta;10
2001;200;Ulkomaat;2;Anna;47
2001;297;Kuopio;2;Sara;14
2001;398;Lahti;2;Iida;12
2001;564;Oulu;2;Jenni;18
2001;564;Oulu;2;Venla;18
2001;609;Pori;2;Emilia;12
2001;837;Tampere;2;Roosa;22
2001;837;Tampere;2;Sofia;22
2001;853;Turku;2;Iida;17
2002;49;Espoo;2;Sara;33
2002;91;Helsinki;2;Sofia;46
2002;92;Vantaa;2;Viivi;27
2002;179;Jyväskylä;2;Vilma;11
2002;200;Ulkomaat;2;Anna;51
2002;297;Kuopio;2;Sara;13
2002;398;Lahti;2;Jenna;17
2002;564;Oulu;2;Iida;23
2002;837;Tampere;2;Emilia;21
2002;853;Turku;2;Julia;18
2002;905;Vaasa;2;Ida;10
2003;49;Espoo;2;Ella;33
2003;91;Helsinki;2;Ella;63
2003;92;Vantaa;2;Ella;23
2003;109;Hämeenlinna;2;Ella;10
2003;179;Jyväskylä;2;Veera;13
2003;200;Ulkomaat;2;Emma;44
2003;297;Kuopio;2;Ella;16
2003;297;Kuopio;2;Venla;16
2003;398;Lahti;2;Sara;13
2003;405;Lappeenranta;2;Aino;11
2003;564;Oulu;2;Venla;23
2003;837;Tampere;2;Ella;21
2003;853;Turku;2;Emma;19
2003;905;Vaasa;2;Sofia;10
2004;49;Espoo;2;Emma;42
2004;91;Helsinki;2;Emma;66
2004;92;Vantaa;2;Emma;29
2004;179;Jyväskylä;2;Siiri;12
2004;186;Järvenpää;2;Ella;10
2004;200;Ulkomaat;2;Anna;43
2004;200;Ulkomaat;2;Emma;43
2004;257;Kirkkonummi;2;Anna;10
2004;297;Kuopio;2;Siiri;15
2004;398;Lahti;2;Ella;12
2004;491;Mikkeli;2;Venla;11
2004;564;Oulu;2;Emma;23
2004;609;Pori;2;Helmi;10
2004;698;Rovaniemi;2;Emma;12
2004;837;Tampere;2;Ella;25
2004;837;Tampere;2;Emma;25
2004;853;Turku;2;Emma;23
2004;905;Vaasa;2;Ella;11
2005;49;Espoo;2;Emma;50
2005;91;Helsinki;2;Aino;45
2005;91;Helsinki;2;Sofia;45
2005;92;Vantaa;2;Sara;24
2005;179;Jyväskylä;2;Siiri;11
2005;200;Ulkomaat;2;Sofia;42
2005;257;Kirkkonummi;2;Sofia;11
2005;297;Kuopio;2;Helmi;13
2005;398;Lahti;2;Viivi;10
2005;564;Oulu;2;Venla;20
2005;609;Pori;2;Aada;10
2005;837;Tampere;2;Emilia;26
2005;837;Tampere;2;Emma;26
2005;853;Turku;2;Emma;21
2006;49;Espoo;2;Sofia;31
2006;91;Helsinki;2;Sara;49
2006;92;Vantaa;2;Emma;23
2006;179;Jyväskylä;2;Aino;14
2006;200;Ulkomaat;2;Sofia;46
2006;257;Kirkkonummi;2;Emma;10
2006;297;Kuopio;2;Aino;12
2006;398;Lahti;2;Ella;10
2006;398;Lahti;2;Emilia;10
2006;398;Lahti;2;Viivi;10
2006;398;Lahti;2;Vilma;10
2006;405;Lappeenranta;2;Aino;11
2006;564;Oulu;2;Sara;17
2006;609;Pori;2;Iida;10
2006;698;Rovaniemi;2;Aada;10
2006;837;Tampere;2;Aino;23
2006;853;Turku;2;Anni;17
2007;49;Espoo;2;Ella;33
2007;91;Helsinki;2;Emilia;47
2007;92;Vantaa;2;Ella;33
2007;179;Jyväskylä;2;Aino;11
2007;179;Jyväskylä;2;Venla;11
2007;200;Ulkomaat;2;Sofia;41
2007;205;Kajaani;2;Anni;10
2007;297;Kuopio;2;Aino;10
2007;398;Lahti;2;Emma;13
2007;405;Lappeenranta;2;Aino;12
2007;405;Lappeenranta;2;Venla;12
2007;564;Oulu;2;Ella;19
2007;698;Rovaniemi;2;Venla;10
2007;837;Tampere;2;Ella;24
2007;853;Turku;2;Ella;20
2008;49;Espoo;2;Emma;32
2008;91;Helsinki;2;Sara;49
2008;92;Vantaa;2;Emma;31
2008;179;Jyväskylä;2;Veera;10
2008;180;Jyväskylän mlk;2;Ella;10
2008;200;Ulkomaat;2;Anna;41
2008;297;Kuopio;2;Aino;12
2008;297;Kuopio;2;Sara;12
2008;491;Mikkeli;2;Venla;10
2008;564;Oulu;2;Anni;19
2008;698;Rovaniemi;2;Sofia;10
2008;698;Rovaniemi;2;Venla;10
2008;837;Tampere;2;Venla;26
2008;853;Turku;2;Emma;18
2009;49;Espoo;2;Ella;25
2009;49;Espoo;2;Emma;25
2009;91;Helsinki;2;Sofia;60
2009;92;Vantaa;2;Emma;28
2009;179;Jyväskylä;2;Ella;16
2009;179;Jyväskylä;2;Venla;16
2009;200;Ulkomaat;2;Emma;36
2009;297;Kuopio;2;Aino;13
2009;398;Lahti;2;Iida;11
2009;398;Lahti;2;Sara;11
2009;564;Oulu;2;Aada;19
2009;564;Oulu;2;Ella;19
2009;564;Oulu;2;Sofia;19
2009;698;Rovaniemi;2;Milla;10
2009;698;Rovaniemi;2;Venla;10
2009;743;Seinäjoki;2;Sara;14
2009;837;Tampere;2;Aino;24
2009;853;Turku;2;Emma;23
2010;49;Espoo;2;Emilia;28
2010;49;Espoo;2;Olivia;28
2010;49;Espoo;2;Sara;28
2010;91;Helsinki;2;Sofia;49
2010;92;Vantaa;2;Ella;25
2010;92;Vantaa;2;Sofia;25
2010;109;Hämeenlinna;2;Siiri;10
2010;167;Joensuu;2;Iida;11
2010;179;Jyväskylä;2;Aino;15
2010;200;Ulkomaat;2;Sofia;42
2010;286;Kouvola;2;Aino;13
2010;297;Kuopio;2;Venla;16
2010;398;Lahti;2;Sofia;10
2010;405;Lappeenranta;2;Venla;11
2010;564;Oulu;2;Iida;21
2010;609;Pori;2;Emma;10
2010;734;Salo;2;Emma;11
2010;743;Seinäjoki;2;Aada;11
2010;837;Tampere;2;Emma;21
2010;837;Tampere;2;Sara;21
2010;853;Turku;2;Emma;17
2010;905;Vaasa;2;Emma;11
2011;49;Espoo;2;Emma;32
2011;91;Helsinki;2;Sofia;55
2011;92;Vantaa;2;Emma;23
2011;167;Joensuu;2;Aada;12
2011;179;Jyväskylä;2;Aino;16
2011;200;Ulkomaat;2;Sofia;38
2011;297;Kuopio;2;Venla;21
2011;398;Lahti;2;Sofia;16
2011;405;Lappeenranta;2;Aada;14
2011;564;Oulu;2;Emilia;20
2011;609;Pori;2;Siiri;11
2011;609;Pori;2;Sofia;11
2011;698;Rovaniemi;2;Iida;10
2011;837;Tampere;2;Sofia;27
2011;853;Turku;2;Emma;19
2012;49;Espoo;2;Emma;31
2012;91;Helsinki;2;Sofia;55
2012;92;Vantaa;2;Ella;22
2012;167;Joensuu;2;Venla;13
2012;179;Jyväskylä;2;Elsa;18
2012;200;Ulkomaat;2;Sofia;34
2012;272;Kokkola;2;Venla;12
2012;297;Kuopio;2;Ella;13
2012;297;Kuopio;2;Helmi;13
2012;398;Lahti;2;Aada;11
2012;405;Lappeenranta;2;Emma;10
2012;564;Oulu;2;Ella;24
2012;609;Pori;2;Amanda;10
2012;698;Rovaniemi;2;Emma;10
2012;837;Tampere;2;Ella;27
2012;837;Tampere;2;Sofia;27
2012;853;Turku;2;Sofia;22
2012;905;Vaasa;2;Emilia;11
2013;49;Espoo;2;Sofia;30
2013;91;Helsinki;2;Emma;50
2013;92;Vantaa;2;Emma;29
2013;179;Jyväskylä;2;Aino;20
2013;200;Ulkomaat;2;Sofia;32
2013;202;Kaarina;2;Emma;10
2013;272;Kokkola;2;Aino;12
2013;286;Kouvola;2;Emilia;11
2013;297;Kuopio;2;Enni;10
2013;297;Kuopio;2;Helmi;10
2013;405;Lappeenranta;2;Aino;10
2013;405;Lappeenranta;2;Emma;10
2013;564;Oulu;2;Emma;24
2013;609;Pori;2;Aada;10
2013;609;Pori;2;Helmi;10
2013;609;Pori;2;Iida;10
2013;837;Tampere;2;Sofia;23
2013;853;Turku;2;Emma;16
2014;49;Espoo;2;Sofia;30
2014;91;Helsinki;2;Sofia;54
2014;92;Vantaa;2;Sofia;26
2014;109;Hämeenlinna;2;Elsa;10
2014;179;Jyväskylä;2;Sofia;18
2014;200;Ulkomaat;2;Emma;28
2014;200;Ulkomaat;2;Sofia;28
2014;297;Kuopio;2;Aino;15
2014;564;Oulu;2;Aada;26
2014;698;Rovaniemi;2;Emma;10
2014;837;Tampere;2;Emma;21
2014;853;Turku;2;Sofia;19
2015;49;Espoo;2;Sofia;30
2015;91;Helsinki;2;Elsa;59
2015;92;Vantaa;2;Sofia;23
2015;179;Jyväskylä;2;Eevi;16
2015;200;Ulkomaat;2;Emma;26
2015;297;Kuopio;2;Aada;15
2015;398;Lahti;2;Isla;11
2015;564;Oulu;2;Emma;21
2015;609;Pori;2;Venla;12
2015;698;Rovaniemi;2;Ella;10
2015;837;Tampere;2;Sofia;23
2015;853;Turku;2;Kerttu;16
2016;49;Espoo;2;Emma;39
2016;91;Helsinki;2;Sofia;56
2016;92;Vantaa;2;Emilia;24
2016;92;Vantaa;2;Sofia;24
2016;167;Joensuu;2;Emma;10
2016;179;Jyväskylä;2;Sofia;16
2016;200;Ulkomaat;2;Sofia;28
2016;297;Kuopio;2;Aino;13
2016;398;Lahti;2;Sofia;10
2016;564;Oulu;2;Eevi;18
2016;564;Oulu;2;Isla;18
2016;609;Pori;2;Eevi;13
2016;743;Seinäjoki;2;Eevi;10
2016;837;Tampere;2;Emilia;22
2016;853;Turku;2;Emilia;19
2016;927;Vihti;2;Sofia;10
2017;49;Espoo;2;Emma;27
2017;91;Helsinki;2;Sofia;53
2017;92;Vantaa;2;Sofia;19
2017;179;Jyväskylä;2;Aino;13
2017;179;Jyväskylä;2;Eevi;13
2017;200;Ulkomaat;2;Sofia;18
2017;297;Kuopio;2;Pihla;13
2017;398;Lahti;2;Aino;10
2017;398;Lahti;2;Ellen;10
2017;398;Lahti;2;Sofia;10
2017;564;Oulu;2;Eevi;21
2017;698;Rovaniemi;2;Ella;10
2017;837;Tampere;2;Emma;20
2017;853;Turku;2;Lilja;15
2018;49;Espoo;2;Emma;25
2018;91;Helsinki;2;Sofia;39
2018;92;Vantaa;2;Ellen;19
2018;92;Vantaa;2;Olivia;19
2018;179;Jyväskylä;2;Eevi;13
2018;200;Ulkomaat;2;Sofia;19
2018;286;Kouvola;2;Eevi;12
2018;297;Kuopio;2;Ella;16
2018;398;Lahti;2;Ella;11
2018;398;Lahti;2;Isla;11
2018;564;Oulu;2;Venla;15
2018;837;Tampere;2;Elli;18
2018;853;Turku;2;Sofia;17
2019;91;Helsinki;2;Sofia;18
2019;564;Oulu;2;Enni;10
